Abd;Equilibrium;Stability;TargetAbd;SpID;MuA;SigmaA
1,00000000000000e+00;TRUE;TRUE;TRUE;1;0,250000000000000;0,5
1,00000000000000e+00;TRUE;TRUE;TRUE;2;0,250000000000000;0,5
1,00000000000000e+00;TRUE;TRUE;TRUE;3;0,250000000000000;0,5
1,00000000000000e+00;TRUE;TRUE;TRUE;1;0,252505010020040;0,5
1,00000000000000e+00;TRUE;TRUE;TRUE;2;0,252505010020040;0,5
1,00000000000000e+00;TRUE;TRUE;TRUE;3;0,252505010020040;0,5
1,00000000000000e+00;TRUE;TRUE;TRUE;1;0,255010020040080;0,5
1,00000000000000e+00;TRUE;TRUE;TRUE;2;0,255010020040080;0,5
1,00000000000000e+00;TRUE;TRUE;TRUE;3;0,255010020040080;0,5
1,00000000000000e+00;TRUE;TRUE;TRUE;1;0,257515030060120;0,5
1,00000000000000e+00;TRUE;TRUE;TRUE;2;0,257515030060120;0,5
1,00000000000000e+00;TRUE;TRUE;TRUE;3;0,257515030060120;0,5
1,00000000000000e+00;TRUE;TRUE;TRUE;1;0,260020040080160;0,5
1,00000000000000e+00;TRUE;TRUE;TRUE;2;0,260020040080160;0,5
1,00000000000000e+00;TRUE;TRUE;TRUE;3;0,260020040080160;0,5
1,00000000000000e+00;TRUE;TRUE;TRUE;1;0,262525050100200;0,5
1,00000000000000e+00;TRUE;TRUE;TRUE;2;0,262525050100200;0,5
1,00000000000000e+00;TRUE;TRUE;TRUE;3;0,262525050100200;0,5
1,00000000000000e+00;TRUE;TRUE;TRUE;1;0,265030060120240;0,5
1,00000000000000e+00;TRUE;TRUE;TRUE;2;0,265030060120240;0,5
1,00000000000000e+00;TRUE;TRUE;TRUE;3;0,265030060120240;0,5
1,00000000000000e+00;TRUE;TRUE;TRUE;1;0,267535070140281;0,5
1,00000000000000e+00;TRUE;TRUE;TRUE;2;0,267535070140281;0,5
1,00000000000000e+00;TRUE;TRUE;TRUE;3;0,267535070140281;0,5
1,00000000000000e+00;TRUE;TRUE;TRUE;1;0,270040080160321;0,5
1,00000000000000e+00;TRUE;TRUE;TRUE;2;0,270040080160321;0,5
1,00000000000000e+00;TRUE;TRUE;TRUE;3;0,270040080160321;0,5
1,00000000000000e+00;TRUE;TRUE;TRUE;1;0,272545090180361;0,5
1,00000000000000e+00;TRUE;TRUE;TRUE;2;0,272545090180361;0,5
1,00000000000000e+00;TRUE;TRUE;TRUE;3;0,272545090180361;0,5
1,00000000000000e+00;TRUE;TRUE;TRUE;1;0,275050100200401;0,5
1,00000000000000e+00;TRUE;TRUE;TRUE;2;0,275050100200401;0,5
1,00000000000000e+00;TRUE;TRUE;TRUE;3;0,275050100200401;0,5
1,00000000000000e+00;TRUE;TRUE;TRUE;1;0,277555110220441;0,5
1,00000000000000e+00;TRUE;TRUE;TRUE;2;0,277555110220441;0,5
1,00000000000000e+00;TRUE;TRUE;TRUE;3;0,277555110220441;0,5
1,00000000000000e+00;TRUE;TRUE;TRUE;1;0,280060120240481;0,5
1,00000000000000e+00;TRUE;TRUE;TRUE;2;0,280060120240481;0,5
1,00000000000000e+00;TRUE;TRUE;TRUE;3;0,280060120240481;0,5
1,00000000000000e+00;TRUE;TRUE;TRUE;1;0,282565130260521;0,5
1,00000000000000e+00;TRUE;TRUE;TRUE;2;0,282565130260521;0,5
1,00000000000000e+00;TRUE;TRUE;TRUE;3;0,282565130260521;0,5
1,00000000000000e+00;TRUE;TRUE;TRUE;1;0,285070140280561;0,5
9,99999999999999e-01;TRUE;TRUE;TRUE;2;0,285070140280561;0,5
1,00000000000000e+00;TRUE;TRUE;TRUE;3;0,285070140280561;0,5
1,00000000000000e+00;TRUE;TRUE;TRUE;1;0,287575150300601;0,5
1,00000000000000e+00;TRUE;TRUE;TRUE;2;0,287575150300601;0,5
1,00000000000000e+00;TRUE;TRUE;TRUE;3;0,287575150300601;0,5
1,00000000000000e+00;TRUE;TRUE;TRUE;1;0,290080160320641;0,5
1,00000000000000e+00;TRUE;TRUE;TRUE;2;0,290080160320641;0,5
1,00000000000000e+00;TRUE;TRUE;TRUE;3;0,290080160320641;0,5
1,00000000000000e+00;TRUE;TRUE;TRUE;1;0,292585170340681;0,5
1,00000000000000e+00;TRUE;TRUE;TRUE;2;0,292585170340681;0,5
1,00000000000000e+00;TRUE;TRUE;TRUE;3;0,292585170340681;0,5
1,00000000000000e+00;TRUE;TRUE;TRUE;1;0,295090180360721;0,5
1,00000000000000e+00;TRUE;TRUE;TRUE;2;0,295090180360721;0,5
1,00000000000000e+00;TRUE;TRUE;TRUE;3;0,295090180360721;0,5
1,00000000000000e+00;TRUE;TRUE;TRUE;1;0,297595190380762;0,5
1,00000000000000e+00;TRUE;TRUE;TRUE;2;0,297595190380762;0,5
1,00000000000000e+00;TRUE;TRUE;TRUE;3;0,297595190380762;0,5
1,00000000000000e+00;TRUE;TRUE;TRUE;1;0,300100200400802;0,5
1,00000000000000e+00;TRUE;TRUE;TRUE;2;0,300100200400802;0,5
1,00000000000000e+00;TRUE;TRUE;TRUE;3;0,300100200400802;0,5
1,00000000000000e+00;TRUE;TRUE;TRUE;1;0,302605210420842;0,5
1,00000000000000e+00;TRUE;TRUE;TRUE;2;0,302605210420842;0,5
1,00000000000000e+00;TRUE;TRUE;TRUE;3;0,302605210420842;0,5
1,00000000000000e+00;TRUE;TRUE;TRUE;1;0,305110220440882;0,5
1,00000000000000e+00;TRUE;TRUE;TRUE;2;0,305110220440882;0,5
1,00000000000000e+00;TRUE;TRUE;TRUE;3;0,305110220440882;0,5
1,00000000000000e+00;TRUE;TRUE;TRUE;1;0,307615230460922;0,5
1,00000000000000e+00;TRUE;TRUE;TRUE;2;0,307615230460922;0,5
1,00000000000000e+00;TRUE;TRUE;TRUE;3;0,307615230460922;0,5
1,00000000000000e+00;TRUE;TRUE;TRUE;1;0,310120240480962;0,5
1,00000000000000e+00;TRUE;TRUE;TRUE;2;0,310120240480962;0,5
1,00000000000000e+00;TRUE;TRUE;TRUE;3;0,310120240480962;0,5
1,00000000000000e+00;TRUE;TRUE;TRUE;1;0,312625250501002;0,5
1,00000000000000e+00;TRUE;TRUE;TRUE;2;0,312625250501002;0,5
1,00000000000000e+00;TRUE;TRUE;TRUE;3;0,312625250501002;0,5
1,00000000000000e+00;TRUE;TRUE;TRUE;1;0,315130260521042;0,5
9,99999999999999e-01;TRUE;TRUE;TRUE;2;0,315130260521042;0,5
1,00000000000000e+00;TRUE;TRUE;TRUE;3;0,315130260521042;0,5
1,00000000000000e+00;TRUE;TRUE;TRUE;1;0,317635270541082;0,5
1,00000000000000e+00;TRUE;TRUE;TRUE;2;0,317635270541082;0,5
1,00000000000000e+00;TRUE;TRUE;TRUE;3;0,317635270541082;0,5
1,00000000000000e+00;TRUE;TRUE;TRUE;1;0,320140280561122;0,5
1,00000000000000e+00;TRUE;TRUE;TRUE;2;0,320140280561122;0,5
1,00000000000000e+00;TRUE;TRUE;TRUE;3;0,320140280561122;0,5
1,00000000000000e+00;TRUE;TRUE;TRUE;1;0,322645290581162;0,5
1,00000000000000e+00;TRUE;TRUE;TRUE;2;0,322645290581162;0,5
1,00000000000000e+00;TRUE;TRUE;TRUE;3;0,322645290581162;0,5
1,00000000000000e+00;TRUE;TRUE;TRUE;1;0,325150300601202;0,5
1,00000000000000e+00;TRUE;TRUE;TRUE;2;0,325150300601202;0,5
1,00000000000000e+00;TRUE;TRUE;TRUE;3;0,325150300601202;0,5
1,00000000000000e+00;TRUE;TRUE;TRUE;1;0,327655310621242;0,5
1,00000000000000e+00;TRUE;TRUE;TRUE;2;0,327655310621242;0,5
1,00000000000000e+00;TRUE;TRUE;TRUE;3;0,327655310621242;0,5
1,00000000000000e+00;TRUE;TRUE;TRUE;1;0,330160320641283;0,5
1,00000000000000e+00;TRUE;TRUE;TRUE;2;0,330160320641283;0,5
1,00000000000000e+00;TRUE;TRUE;TRUE;3;0,330160320641283;0,5
1,00000000000000e+00;TRUE;TRUE;TRUE;1;0,332665330661323;0,5
1,00000000000000e+00;TRUE;TRUE;TRUE;2;0,332665330661323;0,5
1,00000000000000e+00;TRUE;TRUE;TRUE;3;0,332665330661323;0,5
1,00000000000000e+00;TRUE;TRUE;TRUE;1;0,335170340681363;0,5
1,00000000000000e+00;TRUE;TRUE;TRUE;2;0,335170340681363;0,5
1,00000000000000e+00;TRUE;TRUE;TRUE;3;0,335170340681363;0,5
1,00000000000000e+00;TRUE;TRUE;TRUE;1;0,337675350701403;0,5
1,00000000000000e+00;TRUE;TRUE;TRUE;2;0,337675350701403;0,5
1,00000000000000e+00;TRUE;TRUE;TRUE;3;0,337675350701403;0,5
1,00000000000000e+00;TRUE;TRUE;TRUE;1;0,340180360721443;0,5
1,00000000000000e+00;TRUE;TRUE;TRUE;2;0,340180360721443;0,5
1,00000000000000e+00;TRUE;TRUE;TRUE;3;0,340180360721443;0,5
1,00000000000000e+00;TRUE;TRUE;TRUE;1;0,342685370741483;0,5
1,00000000000000e+00;TRUE;TRUE;TRUE;2;0,342685370741483;0,5
1,00000000000000e+00;TRUE;TRUE;TRUE;3;0,342685370741483;0,5
1,00000000000000e+00;TRUE;TRUE;TRUE;1;0,345190380761523;0,5
1,00000000000000e+00;TRUE;TRUE;TRUE;2;0,345190380761523;0,5
1,00000000000000e+00;TRUE;TRUE;TRUE;3;0,345190380761523;0,5
1,00000000000000e+00;TRUE;TRUE;TRUE;1;0,347695390781563;0,5
1,00000000000000e+00;TRUE;TRUE;TRUE;2;0,347695390781563;0,5
1,00000000000000e+00;TRUE;TRUE;TRUE;3;0,347695390781563;0,5
1,00000000000000e+00;TRUE;TRUE;TRUE;1;0,350200400801603;0,5
1,00000000000000e+00;TRUE;TRUE;TRUE;2;0,350200400801603;0,5
1,00000000000000e+00;TRUE;TRUE;TRUE;3;0,350200400801603;0,5
1,00000000000000e+00;TRUE;TRUE;TRUE;1;0,352705410821643;0,5
9,99999999999999e-01;TRUE;TRUE;TRUE;2;0,352705410821643;0,5
1,00000000000000e+00;TRUE;TRUE;TRUE;3;0,352705410821643;0,5
1,00000000000000e+00;TRUE;TRUE;TRUE;1;0,355210420841683;0,5
1,00000000000000e+00;TRUE;TRUE;TRUE;2;0,355210420841683;0,5
1,00000000000000e+00;TRUE;TRUE;TRUE;3;0,355210420841683;0,5
1,00000000000000e+00;TRUE;TRUE;TRUE;1;0,357715430861723;0,5
1,00000000000000e+00;TRUE;TRUE;TRUE;2;0,357715430861723;0,5
1,00000000000000e+00;TRUE;TRUE;TRUE;3;0,357715430861723;0,5
1,00000000000000e+00;TRUE;TRUE;TRUE;1;0,360220440881764;0,5
1,00000000000000e+00;TRUE;TRUE;TRUE;2;0,360220440881764;0,5
1,00000000000000e+00;TRUE;TRUE;TRUE;3;0,360220440881764;0,5
1,00000000000000e+00;TRUE;TRUE;TRUE;1;0,362725450901804;0,5
1,00000000000000e+00;TRUE;TRUE;TRUE;2;0,362725450901804;0,5
1,00000000000000e+00;TRUE;TRUE;TRUE;3;0,362725450901804;0,5
1,00000000000000e+00;TRUE;TRUE;TRUE;1;0,365230460921844;0,5
9,99999999999999e-01;TRUE;TRUE;TRUE;2;0,365230460921844;0,5
1,00000000000000e+00;TRUE;TRUE;TRUE;3;0,365230460921844;0,5
1,00000000000000e+00;TRUE;TRUE;TRUE;1;0,367735470941884;0,5
9,99999999999999e-01;TRUE;TRUE;TRUE;2;0,367735470941884;0,5
1,00000000000000e+00;TRUE;TRUE;TRUE;3;0,367735470941884;0,5
1,00000000000000e+00;TRUE;TRUE;TRUE;1;0,370240480961924;0,5
1,00000000000000e+00;TRUE;TRUE;TRUE;2;0,370240480961924;0,5
1,00000000000000e+00;TRUE;TRUE;TRUE;3;0,370240480961924;0,5
1,00000000000000e+00;TRUE;TRUE;TRUE;1;0,372745490981964;0,5
1,00000000000000e+00;TRUE;TRUE;TRUE;2;0,372745490981964;0,5
1,00000000000000e+00;TRUE;TRUE;TRUE;3;0,372745490981964;0,5
1,00000000000000e+00;TRUE;TRUE;TRUE;1;0,375250501002004;0,5
1,00000000000000e+00;TRUE;TRUE;TRUE;2;0,375250501002004;0,5
1,00000000000000e+00;TRUE;TRUE;TRUE;3;0,375250501002004;0,5
1,00000000000000e+00;TRUE;TRUE;TRUE;1;0,377755511022044;0,5
1,00000000000000e+00;TRUE;TRUE;TRUE;2;0,377755511022044;0,5
1,00000000000000e+00;TRUE;TRUE;TRUE;3;0,377755511022044;0,5
1,00000000000000e+00;TRUE;TRUE;TRUE;1;0,380260521042084;0,5
9,99999999999999e-01;TRUE;TRUE;TRUE;2;0,380260521042084;0,5
1,00000000000000e+00;TRUE;TRUE;TRUE;3;0,380260521042084;0,5
1,00000000000000e+00;TRUE;TRUE;TRUE;1;0,382765531062124;0,5
1,00000000000000e+00;TRUE;TRUE;TRUE;2;0,382765531062124;0,5
1,00000000000000e+00;TRUE;TRUE;TRUE;3;0,382765531062124;0,5
1,00000000000000e+00;TRUE;TRUE;TRUE;1;0,385270541082164;0,5
1,00000000000000e+00;TRUE;TRUE;TRUE;2;0,385270541082164;0,5
1,00000000000000e+00;TRUE;TRUE;TRUE;3;0,385270541082164;0,5
1,00000000000000e+00;TRUE;TRUE;TRUE;1;0,387775551102204;0,5
1,00000000000000e+00;TRUE;TRUE;TRUE;2;0,387775551102204;0,5
1,00000000000000e+00;TRUE;TRUE;TRUE;3;0,387775551102204;0,5
1,00000000000000e+00;TRUE;TRUE;TRUE;1;0,390280561122245;0,5
9,99999999999999e-01;TRUE;TRUE;TRUE;2;0,390280561122245;0,5
1,00000000000000e+00;TRUE;TRUE;TRUE;3;0,390280561122245;0,5
1,00000000000000e+00;TRUE;TRUE;TRUE;1;0,392785571142285;0,5
1,00000000000000e+00;TRUE;TRUE;TRUE;2;0,392785571142285;0,5
1,00000000000000e+00;TRUE;TRUE;TRUE;3;0,392785571142285;0,5
1,00000000000000e+00;TRUE;TRUE;TRUE;1;0,395290581162325;0,5
1,00000000000000e+00;TRUE;TRUE;TRUE;2;0,395290581162325;0,5
1,00000000000000e+00;TRUE;TRUE;TRUE;3;0,395290581162325;0,5
1,00000000000000e+00;TRUE;TRUE;TRUE;1;0,397795591182365;0,5
1,00000000000000e+00;TRUE;TRUE;TRUE;2;0,397795591182365;0,5
1,00000000000000e+00;TRUE;TRUE;TRUE;3;0,397795591182365;0,5
1,00000000000000e+00;TRUE;TRUE;TRUE;1;0,400300601202405;0,5
1,00000000000000e+00;TRUE;TRUE;TRUE;2;0,400300601202405;0,5
1,00000000000000e+00;TRUE;TRUE;TRUE;3;0,400300601202405;0,5
1,00000000000000e+00;TRUE;TRUE;TRUE;1;0,402805611222445;0,5
9,99999999999999e-01;TRUE;TRUE;TRUE;2;0,402805611222445;0,5
1,00000000000000e+00;TRUE;TRUE;TRUE;3;0,402805611222445;0,5
1,00000000000000e+00;TRUE;TRUE;TRUE;1;0,405310621242485;0,5
1,00000000000000e+00;TRUE;TRUE;TRUE;2;0,405310621242485;0,5
1,00000000000000e+00;TRUE;TRUE;TRUE;3;0,405310621242485;0,5
1,00000000000000e+00;TRUE;TRUE;TRUE;1;0,407815631262525;0,5
9,99999999999999e-01;TRUE;TRUE;TRUE;2;0,407815631262525;0,5
1,00000000000000e+00;TRUE;TRUE;TRUE;3;0,407815631262525;0,5
1,00000000000000e+00;TRUE;TRUE;TRUE;1;0,410320641282565;0,5
1,00000000000000e+00;TRUE;TRUE;TRUE;2;0,410320641282565;0,5
1,00000000000000e+00;TRUE;TRUE;TRUE;3;0,410320641282565;0,5
1,00000000000000e+00;TRUE;TRUE;TRUE;1;0,412825651302605;0,5
1,00000000000000e+00;TRUE;TRUE;TRUE;2;0,412825651302605;0,5
1,00000000000000e+00;TRUE;TRUE;TRUE;3;0,412825651302605;0,5
1,00000000000000e+00;TRUE;TRUE;TRUE;1;0,415330661322645;0,5
1,00000000000000e+00;TRUE;TRUE;TRUE;2;0,415330661322645;0,5
1,00000000000000e+00;TRUE;TRUE;TRUE;3;0,415330661322645;0,5
1,00000000000000e+00;TRUE;TRUE;TRUE;1;0,417835671342685;0,5
1,00000000000000e+00;TRUE;TRUE;TRUE;2;0,417835671342685;0,5
1,00000000000000e+00;TRUE;TRUE;TRUE;3;0,417835671342685;0,5
1,00000000000000e+00;TRUE;TRUE;TRUE;1;0,420340681362725;0,5
1,00000000000000e+00;TRUE;TRUE;TRUE;2;0,420340681362725;0,5
1,00000000000000e+00;TRUE;TRUE;TRUE;3;0,420340681362725;0,5
1,00000000000000e+00;TRUE;TRUE;TRUE;1;0,422845691382766;0,5
9,99999999999999e-01;TRUE;TRUE;TRUE;2;0,422845691382766;0,5
1,00000000000000e+00;TRUE;TRUE;TRUE;3;0,422845691382766;0,5
1,00000000000000e+00;TRUE;TRUE;TRUE;1;0,425350701402806;0,5
1,00000000000000e+00;TRUE;TRUE;TRUE;2;0,425350701402806;0,5
1,00000000000000e+00;TRUE;TRUE;TRUE;3;0,425350701402806;0,5
1,00000000000000e+00;TRUE;TRUE;TRUE;1;0,427855711422846;0,5
1,00000000000000e+00;TRUE;TRUE;TRUE;2;0,427855711422846;0,5
1,00000000000000e+00;TRUE;TRUE;TRUE;3;0,427855711422846;0,5
1,00000000000000e+00;TRUE;TRUE;TRUE;1;0,430360721442886;0,5
1,00000000000000e+00;TRUE;TRUE;TRUE;2;0,430360721442886;0,5
1,00000000000000e+00;TRUE;TRUE;TRUE;3;0,430360721442886;0,5
1,00000000000000e+00;TRUE;TRUE;TRUE;1;0,432865731462926;0,5
9,99999999999999e-01;TRUE;TRUE;TRUE;2;0,432865731462926;0,5
1,00000000000000e+00;TRUE;TRUE;TRUE;3;0,432865731462926;0,5
1,00000000000000e+00;TRUE;TRUE;TRUE;1;0,435370741482966;0,5
1,00000000000000e+00;TRUE;TRUE;TRUE;2;0,435370741482966;0,5
1,00000000000000e+00;TRUE;TRUE;TRUE;3;0,435370741482966;0,5
1,00000000000000e+00;TRUE;TRUE;TRUE;1;0,437875751503006;0,5
9,99999999999999e-01;TRUE;TRUE;TRUE;2;0,437875751503006;0,5
1,00000000000000e+00;TRUE;TRUE;TRUE;3;0,437875751503006;0,5
1,00000000000000e+00;TRUE;TRUE;TRUE;1;0,440380761523046;0,5
1,00000000000000e+00;TRUE;TRUE;TRUE;2;0,440380761523046;0,5
1,00000000000000e+00;TRUE;TRUE;TRUE;3;0,440380761523046;0,5
1,00000000000000e+00;TRUE;TRUE;TRUE;1;0,442885771543086;0,5
1,00000000000000e+00;TRUE;TRUE;TRUE;2;0,442885771543086;0,5
1,00000000000000e+00;TRUE;TRUE;TRUE;3;0,442885771543086;0,5
1,00000000000000e+00;TRUE;TRUE;TRUE;1;0,445390781563126;0,5
1,00000000000000e+00;TRUE;TRUE;TRUE;2;0,445390781563126;0,5
1,00000000000000e+00;TRUE;TRUE;TRUE;3;0,445390781563126;0,5
1,00000000000000e+00;TRUE;TRUE;TRUE;1;0,447895791583166;0,5
1,00000000000000e+00;TRUE;TRUE;TRUE;2;0,447895791583166;0,5
1,00000000000000e+00;TRUE;TRUE;TRUE;3;0,447895791583166;0,5
1,00000000000000e+00;TRUE;TRUE;TRUE;1;0,450400801603206;0,5
1,00000000000000e+00;TRUE;TRUE;TRUE;2;0,450400801603206;0,5
1,00000000000000e+00;TRUE;TRUE;TRUE;3;0,450400801603206;0,5
1,00000000000000e+00;TRUE;TRUE;TRUE;1;0,452905811623247;0,5
1,00000000000000e+00;TRUE;TRUE;TRUE;2;0,452905811623247;0,5
1,00000000000000e+00;TRUE;TRUE;TRUE;3;0,452905811623247;0,5
1,00000000000000e+00;TRUE;TRUE;TRUE;1;0,455410821643287;0,5
1,00000000000000e+00;TRUE;TRUE;TRUE;2;0,455410821643287;0,5
1,00000000000000e+00;TRUE;TRUE;TRUE;3;0,455410821643287;0,5
1,00000000000000e+00;TRUE;TRUE;TRUE;1;0,457915831663327;0,5
9,99999999999999e-01;TRUE;TRUE;TRUE;2;0,457915831663327;0,5
1,00000000000000e+00;TRUE;TRUE;TRUE;3;0,457915831663327;0,5
1,00000000000000e+00;TRUE;TRUE;TRUE;1;0,460420841683367;0,5
1,00000000000000e+00;TRUE;TRUE;TRUE;2;0,460420841683367;0,5
1,00000000000000e+00;TRUE;TRUE;TRUE;3;0,460420841683367;0,5
1,00000000000000e+00;TRUE;TRUE;TRUE;1;0,462925851703407;0,5
9,99999999999999e-01;TRUE;TRUE;TRUE;2;0,462925851703407;0,5
9,99999999999999e-01;TRUE;TRUE;TRUE;3;0,462925851703407;0,5
1,00000000000000e+00;TRUE;TRUE;TRUE;1;0,465430861723447;0,5
1,00000000000000e+00;TRUE;TRUE;TRUE;2;0,465430861723447;0,5
1,00000000000000e+00;TRUE;TRUE;TRUE;3;0,465430861723447;0,5
1,00000000000000e+00;TRUE;TRUE;TRUE;1;0,467935871743487;0,5
1,00000000000000e+00;TRUE;TRUE;TRUE;2;0,467935871743487;0,5
1,00000000000000e+00;TRUE;TRUE;TRUE;3;0,467935871743487;0,5
1,00000000000000e+00;TRUE;TRUE;TRUE;1;0,470440881763527;0,5
1,00000000000000e+00;TRUE;TRUE;TRUE;2;0,470440881763527;0,5
1,00000000000000e+00;TRUE;TRUE;TRUE;3;0,470440881763527;0,5
1,00000000000000e+00;TRUE;TRUE;TRUE;1;0,472945891783567;0,5
1,00000000000000e+00;TRUE;TRUE;TRUE;2;0,472945891783567;0,5
1,00000000000000e+00;TRUE;TRUE;TRUE;3;0,472945891783567;0,5
1,00000000000000e+00;TRUE;TRUE;TRUE;1;0,475450901803607;0,5
1,00000000000000e+00;TRUE;TRUE;TRUE;2;0,475450901803607;0,5
1,00000000000000e+00;TRUE;TRUE;TRUE;3;0,475450901803607;0,5
1,00000000000000e+00;TRUE;TRUE;TRUE;1;0,477955911823647;0,5
1,00000000000000e+00;TRUE;TRUE;TRUE;2;0,477955911823647;0,5
1,00000000000000e+00;TRUE;TRUE;TRUE;3;0,477955911823647;0,5
1,00000000000000e+00;TRUE;TRUE;TRUE;1;0,480460921843687;0,5
1,00000000000000e+00;TRUE;TRUE;TRUE;2;0,480460921843687;0,5
1,00000000000000e+00;TRUE;TRUE;TRUE;3;0,480460921843687;0,5
1,00000000000000e+00;TRUE;TRUE;TRUE;1;0,482965931863727;0,5
1,00000000000000e+00;TRUE;TRUE;TRUE;2;0,482965931863727;0,5
1,00000000000000e+00;TRUE;TRUE;TRUE;3;0,482965931863727;0,5
1,00000000000000e+00;TRUE;TRUE;TRUE;1;0,485470941883767;0,5
1,00000000000000e+00;TRUE;TRUE;TRUE;2;0,485470941883767;0,5
1,00000000000000e+00;TRUE;TRUE;TRUE;3;0,485470941883767;0,5
1,00000000000000e+00;TRUE;TRUE;TRUE;1;0,487975951903808;0,5
1,00000000000000e+00;TRUE;TRUE;TRUE;2;0,487975951903808;0,5
1,00000000000000e+00;TRUE;TRUE;TRUE;3;0,487975951903808;0,5
1,00000000000000e+00;TRUE;TRUE;TRUE;1;0,490480961923848;0,5
1,00000000000000e+00;TRUE;TRUE;TRUE;2;0,490480961923848;0,5
1,00000000000000e+00;TRUE;TRUE;TRUE;3;0,490480961923848;0,5
1,00000000000000e+00;TRUE;TRUE;TRUE;1;0,492985971943888;0,5
1,00000000000000e+00;TRUE;TRUE;TRUE;2;0,492985971943888;0,5
1,00000000000000e+00;TRUE;TRUE;TRUE;3;0,492985971943888;0,5
9,99999999999999e-01;TRUE;TRUE;TRUE;1;0,495490981963928;0,5
9,99999999999998e-01;TRUE;TRUE;TRUE;2;0,495490981963928;0,5
9,99999999999999e-01;TRUE;TRUE;TRUE;3;0,495490981963928;0,5
1,00000000000000e+00;TRUE;TRUE;TRUE;1;0,497995991983968;0,5
9,99999999999998e-01;TRUE;TRUE;TRUE;2;0,497995991983968;0,5
9,99999999999999e-01;TRUE;TRUE;TRUE;3;0,497995991983968;0,5
1,00000000000000e+00;TRUE;TRUE;TRUE;1;0,500501002004008;0,5
1,00000000000000e+00;TRUE;TRUE;TRUE;2;0,500501002004008;0,5
1,00000000000000e+00;TRUE;TRUE;TRUE;3;0,500501002004008;0,5
1,00000000000000e+00;TRUE;TRUE;TRUE;1;0,503006012024048;0,5
1,00000000000000e+00;TRUE;TRUE;TRUE;2;0,503006012024048;0,5
1,00000000000000e+00;TRUE;TRUE;TRUE;3;0,503006012024048;0,5
1,00000000000000e+00;TRUE;TRUE;TRUE;1;0,505511022044088;0,5
1,00000000000000e+00;TRUE;TRUE;TRUE;2;0,505511022044088;0,5
1,00000000000000e+00;TRUE;TRUE;TRUE;3;0,505511022044088;0,5
1,00000000000000e+00;TRUE;TRUE;TRUE;1;0,508016032064128;0,5
1,00000000000000e+00;TRUE;TRUE;TRUE;2;0,508016032064128;0,5
1,00000000000000e+00;TRUE;TRUE;TRUE;3;0,508016032064128;0,5
1,00000000000000e+00;TRUE;TRUE;TRUE;1;0,510521042084168;0,5
1,00000000000000e+00;TRUE;TRUE;TRUE;2;0,510521042084168;0,5
1,00000000000000e+00;TRUE;TRUE;TRUE;3;0,510521042084168;0,5
1,00000000000000e+00;TRUE;TRUE;TRUE;1;0,513026052104208;0,5
1,00000000000000e+00;TRUE;TRUE;TRUE;2;0,513026052104208;0,5
1,00000000000000e+00;TRUE;TRUE;TRUE;3;0,513026052104208;0,5
1,00000000000000e+00;TRUE;TRUE;TRUE;1;0,515531062124248;0,5
9,99999999999998e-01;TRUE;TRUE;TRUE;2;0,515531062124248;0,5
9,99999999999999e-01;TRUE;TRUE;TRUE;3;0,515531062124248;0,5
1,00000000000000e+00;TRUE;TRUE;TRUE;1;0,518036072144288;0,5
1,00000000000000e+00;TRUE;TRUE;TRUE;2;0,518036072144288;0,5
1,00000000000000e+00;TRUE;TRUE;TRUE;3;0,518036072144288;0,5
1,00000000000000e+00;TRUE;TRUE;TRUE;1;0,520541082164329;0,5
1,00000000000000e+00;TRUE;TRUE;TRUE;2;0,520541082164329;0,5
1,00000000000000e+00;TRUE;TRUE;TRUE;3;0,520541082164329;0,5
1,00000000000000e+00;TRUE;TRUE;TRUE;1;0,523046092184369;0,5
1,00000000000000e+00;TRUE;TRUE;TRUE;2;0,523046092184369;0,5
1,00000000000000e+00;TRUE;TRUE;TRUE;3;0,523046092184369;0,5
1,00000000000000e+00;TRUE;TRUE;TRUE;1;0,525551102204409;0,5
1,00000000000001e+00;TRUE;TRUE;TRUE;2;0,525551102204409;0,5
1,00000000000000e+00;TRUE;TRUE;TRUE;3;0,525551102204409;0,5
1,00000000000000e+00;TRUE;TRUE;TRUE;1;0,528056112224449;0,5
1,00000000000000e+00;TRUE;TRUE;TRUE;2;0,528056112224449;0,5
1,00000000000000e+00;TRUE;TRUE;TRUE;3;0,528056112224449;0,5
1,00000000000000e+00;TRUE;TRUE;TRUE;1;0,530561122244489;0,5
9,99999999999997e-01;TRUE;TRUE;TRUE;2;0,530561122244489;0,5
9,99999999999999e-01;TRUE;TRUE;TRUE;3;0,530561122244489;0,5
9,99999999999998e-01;TRUE;TRUE;TRUE;1;0,533066132264529;0,5
9,99999999999992e-01;TRUE;TRUE;TRUE;2;0,533066132264529;0,5
9,99999999999996e-01;TRUE;TRUE;TRUE;3;0,533066132264529;0,5
9,99999999999997e-01;TRUE;TRUE;TRUE;1;0,535571142284569;0,5
9,99999999999987e-01;TRUE;TRUE;TRUE;2;0,535571142284569;0,5
9,99999999999993e-01;TRUE;TRUE;TRUE;3;0,535571142284569;0,5
1,00000000000000e+00;TRUE;TRUE;TRUE;1;0,538076152304609;0,5
1,00000000000000e+00;TRUE;TRUE;TRUE;2;0,538076152304609;0,5
1,00000000000000e+00;TRUE;TRUE;TRUE;3;0,538076152304609;0,5
1,00000000000000e+00;TRUE;TRUE;TRUE;1;0,540581162324649;0,5
9,99999999999999e-01;TRUE;TRUE;TRUE;2;0,540581162324649;0,5
1,00000000000000e+00;TRUE;TRUE;TRUE;3;0,540581162324649;0,5
1,00000000000000e+00;TRUE;TRUE;TRUE;1;0,543086172344689;0,5
1,00000000000000e+00;TRUE;TRUE;TRUE;2;0,543086172344689;0,5
1,00000000000000e+00;TRUE;TRUE;TRUE;3;0,543086172344689;0,5
9,99999999999996e-01;TRUE;TRUE;TRUE;1;0,545591182364729;0,5
9,99999999999985e-01;TRUE;TRUE;TRUE;2;0,545591182364729;0,5
9,99999999999991e-01;TRUE;TRUE;TRUE;3;0,545591182364729;0,5
1,00000000000001e+00;TRUE;TRUE;TRUE;1;0,548096192384770;0,5
1,00000000000003e+00;TRUE;TRUE;TRUE;2;0,548096192384770;0,5
1,00000000000002e+00;TRUE;TRUE;TRUE;3;0,548096192384770;0,5
9,99999999999987e-01;TRUE;TRUE;TRUE;1;0,550601202404810;0,5
9,99999999999955e-01;TRUE;TRUE;TRUE;2;0,550601202404810;0,5
9,99999999999974e-01;TRUE;TRUE;TRUE;3;0,550601202404810;0,5
9,99425857463169e-01;TRUE;TRUE;FALSE;1;0,553106212424850;0,5
9,97946024018981e-01;TRUE;TRUE;FALSE;2;0,553106212424850;0,5
9,98825727029713e-01;TRUE;TRUE;FALSE;3;0,553106212424850;0,5
9,95645318817978e-01;TRUE;TRUE;FALSE;1;0,555611222444890;0,5
9,84536184598142e-01;TRUE;TRUE;FALSE;2;0,555611222444890;0,5
9,91148769211810e-01;TRUE;TRUE;FALSE;3;0,555611222444890;0,5
9,91905431930699e-01;TRUE;TRUE;FALSE;1;0,558116232464930;0,5
9,71462837059295e-01;TRUE;TRUE;FALSE;2;0,558116232464930;0,5
9,83646658330075e-01;TRUE;TRUE;FALSE;3;0,558116232464930;0,5
9,88205397782816e-01;TRUE;TRUE;FALSE;1;0,560621242484970;0,5
9,58711722872748e-01;TRUE;TRUE;FALSE;2;0,560621242484970;0,5
9,76312095854947e-01;TRUE;TRUE;FALSE;3;0,560621242484970;0,5
9,84544446183456e-01;TRUE;TRUE;FALSE;1;0,563126252505010;0,5
9,46269435230714e-01;TRUE;TRUE;FALSE;2;0,563126252505010;0,5
9,69138221937783e-01;TRUE;TRUE;FALSE;3;0,563126252505010;0,5
9,80921834138530e-01;TRUE;TRUE;FALSE;1;0,565631262525050;0,5
9,34123353246591e-01;TRUE;TRUE;FALSE;2;0,565631262525050;0,5
9,62118581270313e-01;TRUE;TRUE;FALSE;3;0,565631262525050;0,5
9,77336844355112e-01;TRUE;TRUE;FALSE;1;0,568136272545090;0,5
9,22261582377815e-01;TRUE;TRUE;FALSE;2;0,568136272545090;0,5
9,55247092191346e-01;TRUE;TRUE;FALSE;3;0,568136272545090;0,5
9,73788783859851e-01;TRUE;TRUE;FALSE;1;0,570641282565130;0,5
9,10672900356297e-01;TRUE;TRUE;FALSE;2;0,570641282565130;0,5
9,48518018664468e-01;TRUE;TRUE;FALSE;3;0,570641282565130;0,5
9,70276982720532e-01;TRUE;TRUE;FALSE;1;0,573146292585170;0,5
8,99346708028714e-01;TRUE;TRUE;FALSE;2;0,573146292585170;0,5
9,41925944814023e-01;TRUE;TRUE;FALSE;3;0,573146292585170;0,5
9,66800792861120e-01;TRUE;TRUE;FALSE;1;0,575651302605210;0,5
8,88272984583083e-01;TRUE;TRUE;FALSE;2;0,575651302605210;0,5
9,35465751745559e-01;TRUE;TRUE;FALSE;3;0,575651302605210;0,5
9,63359586961732e-01;TRUE;TRUE;FALSE;1;0,578156312625250;0,5
8,77442246701903e-01;TRUE;TRUE;FALSE;2;0,578156312625250;0,5
9,29132596410397e-01;TRUE;TRUE;FALSE;3;0,578156312625250;0,5
9,59952757435874e-01;TRUE;TRUE;FALSE;1;0,580661322645291;0,5
8,66845511237198e-01;TRUE;TRUE;FALSE;2;0,580661322645291;0,5
9,22921892302855e-01;TRUE;TRUE;FALSE;3;0,580661322645291;0,5
9,56579715478122e-01;TRUE;TRUE;FALSE;1;0,583166332665331;0,5
8,56474261050574e-01;TRUE;TRUE;FALSE;2;0,583166332665331;0,5
9,16829291803664e-01;TRUE;TRUE;FALSE;3;0,583166332665331;0,5
9,53239890176123e-01;TRUE;TRUE;FALSE;1;0,585671342685371;0,5
8,46320413702648e-01;TRUE;TRUE;FALSE;2;0,585671342685371;0,5
9,10850670004763e-01;TRUE;TRUE;FALSE;3;0,585671342685371;0,5
9,49932727681453e-01;TRUE;TRUE;FALSE;1;0,588176352705411;0,5
8,36376292712396e-01;TRUE;TRUE;FALSE;2;0,588176352705411;0,5
9,04982109869565e-01;TRUE;TRUE;FALSE;3;0,588176352705411;0,5
9,46657690434393e-01;TRUE;TRUE;FALSE;1;0,590681362725451;0,5
8,26634601138240e-01;TRUE;TRUE;FALSE;2;0,590681362725451;0,5
8,99219888599204e-01;TRUE;TRUE;FALSE;3;0,590681362725451;0,5
9,43414256438201e-01;TRUE;TRUE;FALSE;1;0,593186372745491;0,5
8,17088397260163e-01;TRUE;TRUE;FALSE;2;0,593186372745491;0,5
8,93560465089609e-01;TRUE;TRUE;FALSE;3;0,593186372745491;0,5
9,40201918578876e-01;TRUE;TRUE;FALSE;1;0,595691382765531;0,5
8,07731072166192e-01;TRUE;TRUE;FALSE;2;0,595691382765531;0,5
8,88000468376870e-01;TRUE;TRUE;FALSE;3;0,595691382765531;0,5
9,37020183986810e-01;TRUE;TRUE;FALSE;1;0,598196392785571;0,5
7,98556329067638e-01;TRUE;TRUE;FALSE;2;0,598196392785571;0,5
8,82536686979344e-01;TRUE;TRUE;FALSE;3;0,598196392785571;0,5
9,33868573437056e-01;TRUE;TRUE;FALSE;1;0,600701402805611;0,5
7,89558164186104e-01;TRUE;TRUE;FALSE;2;0,600701402805611;0,5
8,77166059054711e-01;TRUE;TRUE;FALSE;3;0,600701402805611;0,5
9,30746620785248e-01;TRUE;TRUE;FALSE;1;0,603206412825651;0,5
7,80730849071529e-01;TRUE;TRUE;FALSE;2;0,603206412825651;0,5
8,71885663298653e-01;TRUE;TRUE;FALSE;3;0,603206412825651;0,5
9,27653872436490e-01;TRUE;TRUE;FALSE;1;0,605711422845691;0,5
7,72068914225037e-01;TRUE;TRUE;FALSE;2;0,605711422845691;0,5
8,66692710519455e-01;TRUE;TRUE;FALSE;3;0,605711422845691;0,5
9,24589886844766e-01;TRUE;TRUE;FALSE;1;0,608216432865731;0,5
7,63567133913159e-01;TRUE;TRUE;FALSE;2;0,608216432865731;0,5
8,61584535829471e-01;TRUE;TRUE;FALSE;3;0,608216432865731;0,5
9,21554234040642e-01;TRUE;TRUE;FALSE;1;0,610721442885771;0,5
7,55220512071178e-01;TRUE;TRUE;FALSE;2;0,610721442885771;0,5
8,56558591400254e-01;TRUE;TRUE;FALSE;3;0,610721442885771;0,5
9,18546495185232e-01;TRUE;TRUE;FALSE;1;0,613226452905812;0,5
7,47024269203588e-01;TRUE;TRUE;FALSE;2;0,613226452905812;0,5
8,51612439733506e-01;TRUE;TRUE;FALSE;3;0,613226452905812;0,5
9,15566262148568e-01;TRUE;TRUE;FALSE;1;0,615731462925852;0,5
7,38973830198396e-01;TRUE;TRUE;FALSE;2;0,615731462925852;0,5
8,46743747404545e-01;TRUE;TRUE;FALSE;3;0,615731462925852;0,5
9,12613137110688e-01;TRUE;TRUE;FALSE;1;0,618236472945892;0,5
7,31064812980159e-01;TRUE;TRUE;FALSE;2;0,618236472945892;0,5
8,41950279239263e-01;TRUE;TRUE;FALSE;3;0,618236472945892;0,5
9,09686732183877e-01;TRUE;TRUE;FALSE;1;0,620741482965932;0,5
7,23293017933571e-01;TRUE;TRUE;FALSE;2;0,620741482965932;0,5
8,37229892889132e-01;TRUE;TRUE;FALSE;3;0,620741482965932;0,5
9,06786669054639e-01;TRUE;TRUE;FALSE;1;0,623246492985972;0,5
7,15654418035863e-01;TRUE;TRUE;FALSE;2;0,623246492985972;0,5
8,32580533772236e-01;TRUE;TRUE;FALSE;3;0,623246492985972;0,5
9,03912578644094e-01;TRUE;TRUE;FALSE;1;0,625751503006012;0,5
7,08145149641959e-01;TRUE;TRUE;FALSE;2;0,625751503006012;0,5
8,28000230351180e-01;TRUE;TRUE;FALSE;3;0,625751503006012;0,5
9,01064100785599e-01;TRUE;TRUE;FALSE;1;0,628256513026052;0,5
7,00761503871375e-01;TRUE;TRUE;FALSE;2;0,628256513026052;0,5
8,23487089721442e-01;TRUE;TRUE;FALSE;3;0,628256513026052;0,5
8,98240883918471e-01;TRUE;TRUE;FALSE;1;0,630761523046092;0,5
6,93499918550499e-01;TRUE;TRUE;FALSE;2;0,630761523046092;0,5
8,19039293486099e-01;TRUE;TRUE;FALSE;3;0,630761523046092;0,5
8,95442584796822e-01;TRUE;TRUE;FALSE;1;0,633266533066132;0,5
6,86356970667897e-01;TRUE;TRUE;FALSE;2;0,633266533066132;0,5
8,14655093894972e-01;TRUE;TRUE;FALSE;3;0,633266533066132;0,5
8,92668868212526e-01;TRUE;TRUE;FALSE;1;0,635771543086172;0,5
6,79329369304099e-01;TRUE;TRUE;FALSE;2;0,635771543086172;0,5
8,10332810228208e-01;TRUE;TRUE;FALSE;3;0,635771543086172;0,5
8,89919406731480e-01;TRUE;TRUE;FALSE;1;0,638276553106212;0,5
6,72413949000555e-01;TRUE;TRUE;FALSE;2;0,638276553106212;0,5
8,06070825406002e-01;TRUE;TRUE;FALSE;3;0,638276553106212;0,5
8,87193880442335e-01;TRUE;TRUE;FALSE;1;0,640781563126253;0,5
6,65607663535567e-01;TRUE;TRUE;FALSE;2;0,640781563126253;0,5
8,01867582807788e-01;TRUE;TRUE;FALSE;3;0,640781563126253;0,5
8,84491976716968e-01;TRUE;TRUE;FALSE;1;0,643286573146293;0,5
6,58907580077614e-01;TRUE;TRUE;FALSE;2;0,643286573146293;0,5
7,97721583285582e-01;TRUE;TRUE;FALSE;3;0,643286573146293;0,5
8,81813389981994e-01;TRUE;TRUE;FALSE;1;0,645791583166333;0,5
6,52310873689039e-01;TRUE;TRUE;FALSE;2;0,645791583166333;0,5
7,93631382357482e-01;TRUE;TRUE;FALSE;3;0,645791583166333;0,5
8,79157821500678e-01;TRUE;TRUE;FALSE;1;0,648296593186373;0,5
6,45814822155249e-01;TRUE;TRUE;FALSE;2;0,648296593186373;0,5
7,89595587568473e-01;TRUE;TRUE;FALSE;3;0,648296593186373;0,5
8,76524979164667e-01;TRUE;TRUE;FALSE;1;0,650801603206413;0,5
6,39416801116612e-01;TRUE;TRUE;FALSE;2;0,650801603206413;0,5
7,85612856006746e-01;TRUE;TRUE;FALSE;3;0,650801603206413;0,5
8,73914577294971e-01;TRUE;TRUE;FALSE;1;0,653306613226453;0,5
6,33114279482085e-01;TRUE;TRUE;FALSE;2;0,653306613226453;0,5
7,81681891964670e-01;TRUE;TRUE;FALSE;3;0,653306613226453;0,5
8,71326336451698e-01;TRUE;TRUE;FALSE;1;0,655811623246493;0,5
6,26904815105268e-01;TRUE;TRUE;FALSE;2;0,655811623246493;0,5
7,77801444734470e-01;TRUE;TRUE;FALSE;3;0,655811623246493;0,5
8,68759983252053e-01;TRUE;TRUE;FALSE;1;0,658316633266533;0,5
6,20786050705090e-01;TRUE;TRUE;FALSE;2;0,658316633266533;0,5
7,73970306529391e-01;TRUE;TRUE;FALSE;3;0,658316633266533;0,5
8,66215250196157e-01;TRUE;TRUE;FALSE;1;0,660821643286573;0,5
6,14755710014741e-01;TRUE;TRUE;FALSE;2;0,660821643286573;0,5
7,70187310521907e-01;TRUE;TRUE;FALSE;3;0,660821643286573;0,5
8,63691875500281e-01;TRUE;TRUE;FALSE;1;0,663326653306613;0,5
6,08811594143707e-01;TRUE;TRUE;FALSE;2;0,663326653306613;0,5
7,66451328991152e-01;TRUE;TRUE;FALSE;3;0,663326653306613;0,5
8,61189602937095e-01;TRUE;TRUE;FALSE;1;0,665831663326653;0,5
6,02951578138936e-01;TRUE;TRUE;FALSE;2;0,665831663326653;0,5
7,62761271572351e-01;TRUE;TRUE;FALSE;3;0,665831663326653;0,5
8,58708181682579e-01;TRUE;TRUE;FALSE;1;0,668336673346693;0,5
5,97173607732189e-01;TRUE;TRUE;FALSE;2;0,668336673346693;0,5
7,59116083601605e-01;TRUE;TRUE;FALSE;3;0,668336673346693;0,5
8,56247366169252e-01;TRUE;TRUE;FALSE;1;0,670841683366733;0,5
5,91475696261643e-01;TRUE;TRUE;FALSE;2;0,670841683366733;0,5
7,55514744549835e-01;TRUE;TRUE;FALSE;3;0,670841683366733;0,5
8,53806915945413e-01;TRUE;TRUE;FALSE;1;0,673346693386774;0,5
5,85855921756633e-01;TRUE;TRUE;FALSE;2;0,673346693386774;0,5
7,51956266540193e-01;TRUE;TRUE;FALSE;3;0,673346693386774;0,5
8,51386595540080e-01;TRUE;TRUE;FALSE;1;0,675851703406814;0,5
5,80312424175294e-01;TRUE;TRUE;FALSE;2;0,675851703406814;0,5
7,48439692943647e-01;TRUE;TRUE;FALSE;3;0,675851703406814;0,5
8,48986174333367e-01;TRUE;TRUE;FALSE;1;0,678356713426854;0,5
5,74843402785546e-01;TRUE;TRUE;FALSE;2;0,678356713426854;0,5
7,44964097047819e-01;TRUE;TRUE;FALSE;3;0,678356713426854;0,5
8,46605426432039e-01;TRUE;TRUE;FALSE;1;0,680861723446894;0,5
5,69447113680611e-01;TRUE;TRUE;FALSE;2;0,680861723446894;0,5
7,41528580794540e-01;TRUE;TRUE;FALSE;3;0,680861723446894;0,5
8,44244130549982e-01;TRUE;TRUE;FALSE;1;0,683366733466934;0,5
5,64121867420811e-01;TRUE;TRUE;FALSE;2;0,683366733466934;0,5
7,38132273581882e-01;TRUE;TRUE;FALSE;3;0,683366733466934;0,5
8,41902069893387e-01;TRUE;TRUE;FALSE;1;0,685871743486974;0,5
5,58866026794024e-01;TRUE;TRUE;FALSE;2;0,685871743486974;0,5
7,34774331126733e-01;TRUE;TRUE;FALSE;3;0,685871743486974;0,5
8,39579032050410e-01;TRUE;TRUE;FALSE;1;0,688376753507014;0,5
5,53678004687680e-01;TRUE;TRUE;FALSE;2;0,688376753507014;0,5
7,31453934384261e-01;TRUE;TRUE;FALSE;3;0,688376753507014;0,5
8,37274808885119e-01;TRUE;TRUE;FALSE;1;0,690881763527054;0,5
5,48556262065678e-01;TRUE;TRUE;FALSE;2;0,690881763527054;0,5
7,28170288520867e-01;TRUE;TRUE;FALSE;3;0,690881763527054;0,5
8,34989196435544e-01;TRUE;TRUE;FALSE;1;0,693386773547094;0,5
5,43499306044055e-01;TRUE;TRUE;FALSE;2;0,693386773547094;0,5
7,24922621937445e-01;TRUE;TRUE;FALSE;3;0,693386773547094;0,5
8,32721994815626e-01;TRUE;TRUE;FALSE;1;0,695891783567134;0,5
5,38505688059634e-01;TRUE;TRUE;FALSE;2;0,695891783567134;0,5
7,21710185339990e-01;TRUE;TRUE;FALSE;3;0,695891783567134;0,5
8,30473008120940e-01;TRUE;TRUE;FALSE;1;0,698396793587174;0,5
5,33574002126309e-01;TRUE;TRUE;FALSE;2;0,698396793587174;0,5
7,18532250854813e-01;TRUE;TRUE;FALSE;3;0,698396793587174;0,5
8,28242044337989e-01;TRUE;TRUE;FALSE;1;0,700901803607214;0,5
5,28702883173927e-01;TRUE;TRUE;FALSE;2;0,700901803607214;0,5
7,15388111185765e-01;TRUE;TRUE;FALSE;3;0,700901803607214;0,5
8,26028915256955e-01;TRUE;TRUE;FALSE;1;0,703406813627254;0,5
5,23891005465097e-01;TRUE;TRUE;FALSE;2;0,703406813627254;0,5
7,12277078811078e-01;TRUE;TRUE;FALSE;3;0,703406813627254;0,5
8,23833436387751e-01;TRUE;TRUE;FALSE;1;0,705911823647295;0,5
5,19137081085513e-01;TRUE;TRUE;FALSE;2;0,705911823647295;0,5
7,09198485217561e-01;TRUE;TRUE;FALSE;3;0,705911823647295;0,5
8,21655426879252e-01;TRUE;TRUE;FALSE;1;0,708416833667335;0,5
5,14439858503744e-01;TRUE;TRUE;FALSE;2;0,708416833667335;0,5
7,06151680170065e-01;TRUE;TRUE;FALSE;3;0,708416833667335;0,5
8,19494709441565e-01;TRUE;TRUE;FALSE;1;0,710921843687375;0,5
5,09798121196589e-01;TRUE;TRUE;FALSE;2;0,710921843687375;0,5
7,03136031014224e-01;TRUE;TRUE;FALSE;3;0,710921843687375;0,5
8,17351110271249e-01;TRUE;TRUE;FALSE;1;0,713426853707415;0,5
5,05210686336439e-01;TRUE;TRUE;FALSE;2;0,713426853707415;0,5
7,00150922010645e-01;TRUE;TRUE;FALSE;3;0,713426853707415;0,5
8,15224458979347e-01;TRUE;TRUE;FALSE;1;0,715931863727455;0,5
5,00676403537260e-01;TRUE;TRUE;FALSE;2;0,715931863727455;0,5
6,97195753698802e-01;TRUE;TRUE;FALSE;3;0,715931863727455;0,5
8,13114588522148e-01;TRUE;TRUE;FALSE;1;0,718436873747495;0,5
4,96194153656032e-01;TRUE;TRUE;FALSE;2;0,718436873747495;0,5
6,94269942289030e-01;TRUE;TRUE;FALSE;3;0,718436873747495;0,5
8,11021335134568e-01;TRUE;TRUE;FALSE;1;0,720941883767535;0,5
4,91762847646671e-01;TRUE;TRUE;FALSE;2;0,720941883767535;0,5
6,91372919081069e-01;TRUE;TRUE;FALSE;3;0,720941883767535;0,5
8,08944538266068e-01;TRUE;TRUE;FALSE;1;0,723446893787575;0,5
4,87381425463648e-01;TRUE;TRUE;FALSE;2;0,723446893787575;0,5
6,88504129907756e-01;TRUE;TRUE;FALSE;3;0,723446893787575;0,5
8,06884040519022e-01;TRUE;TRUE;FALSE;1;0,725951903807615;0,5
4,83048855012683e-01;TRUE;TRUE;FALSE;2;0,725951903807615;0,5
6,85663034602506e-01;TRUE;TRUE;FALSE;3;0,725951903807615;0,5
8,04839687589447e-01;TRUE;TRUE;FALSE;1;0,728456913827655;0,5
4,78764131146039e-01;TRUE;TRUE;FALSE;2;0,728456913827655;0,5
6,82849106489310e-01;TRUE;TRUE;FALSE;3;0,728456913827655;0,5
8,02811328210027e-01;TRUE;TRUE;FALSE;1;0,730961923847695;0,5
4,74526274700103e-01;TRUE;TRUE;FALSE;2;0,730961923847695;0,5
6,80061831894079e-01;TRUE;TRUE;FALSE;3;0,730961923847695;0,5
8,00798814095357e-01;TRUE;TRUE;FALSE;1;0,733466933867735;0,5
4,70334331573071e-01;TRUE;TRUE;FALSE;2;0,733466933867735;0,5
6,77300709676210e-01;TRUE;TRUE;FALSE;3;0,733466933867735;0,5
7,98801999889341e-01;TRUE;TRUE;FALSE;1;0,735971943887776;0,5
4,66187371840663e-01;TRUE;TRUE;FALSE;2;0,735971943887776;0,5
6,74565250779292e-01;TRUE;TRUE;FALSE;3;0,735971943887776;0,5
7,96820743114678e-01;TRUE;TRUE;FALSE;1;0,738476953907816;0,5
4,62084488907946e-01;TRUE;TRUE;FALSE;2;0,738476953907816;0,5
6,71854977800009e-01;TRUE;TRUE;FALSE;3;0,738476953907816;0,5
7,94854904124387e-01;TRUE;TRUE;FALSE;1;0,740981963927856;0,5
4,58024798695420e-01;TRUE;TRUE;FALSE;2;0,740981963927856;0,5
6,69169424574239e-01;TRUE;TRUE;FALSE;3;0,740981963927856;0,5
7,92904346055299e-01;TRUE;TRUE;FALSE;1;0,743486973947896;0,5
4,54007438857650e-01;TRUE;TRUE;FALSE;2;0,743486973947896;0,5
6,66508135779526e-01;TRUE;TRUE;FALSE;3;0,743486973947896;0,5
7,90968934783485e-01;TRUE;TRUE;FALSE;1;0,745991983967936;0,5
4,50031568032792e-01;TRUE;TRUE;FALSE;2;0,745991983967936;0,5
6,63870666553027e-01;TRUE;TRUE;FALSE;3;0,745991983967936;0,5
7,89048538881561e-01;TRUE;TRUE;FALSE;1;0,748496993987976;0,5
4,46096365121501e-01;TRUE;TRUE;FALSE;2;0,748496993987976;0,5
6,61256582124196e-01;TRUE;TRUE;FALSE;3;0,748496993987976;0,5
7,87143029577827e-01;TRUE;TRUE;FALSE;1;0,751002004008016;0,5
4,42201028593730e-01;TRUE;TRUE;FALSE;2;0,751002004008016;0,5
6,58665457461414e-01;TRUE;TRUE;FALSE;3;0,751002004008016;0,5
7,85252280717202e-01;TRUE;TRUE;FALSE;1;0,753507014028056;0,5
4,38344775822073e-01;TRUE;TRUE;FALSE;2;0,753507014028056;0,5
6,56096876931891e-01;TRUE;TRUE;FALSE;3;0,753507014028056;0,5
7,83376168723914e-01;TRUE;TRUE;FALSE;1;0,756012024048096;0,5
4,34526842440301e-01;TRUE;TRUE;FALSE;2;0,756012024048096;0,5
6,53550433974130e-01;TRUE;TRUE;FALSE;3;0,756012024048096;0,5
7,81514572565921e-01;TRUE;TRUE;FALSE;1;0,758517034068136;0,5
4,30746481725907e-01;TRUE;TRUE;FALSE;2;0,758517034068136;0,5
6,51025730782364e-01;TRUE;TRUE;FALSE;3;0,758517034068136;0,5
7,79667373721010e-01;TRUE;TRUE;FALSE;1;0,761022044088176;0,5
4,27002964005439e-01;TRUE;TRUE;FALSE;2;0,761022044088176;0,5
6,48522378002311e-01;TRUE;TRUE;FALSE;3;0,761022044088176;0,5
7,77834456144580e-01;TRUE;TRUE;FALSE;1;0,763527054108216;0,5
4,23295576081535e-01;TRUE;TRUE;FALSE;2;0,763527054108216;0,5
6,46039994437712e-01;TRUE;TRUE;FALSE;3;0,763527054108216;0,5
7,76015706239045e-01;TRUE;TRUE;FALSE;1;0,766032064128257;0,5
4,19623620680589e-01;TRUE;TRUE;FALSE;2;0,766032064128257;0,5
6,43578206767090e-01;TRUE;TRUE;FALSE;3;0,766032064128257;0,5
7,74211012824863e-01;TRUE;TRUE;FALSE;1;0,768537074148297;0,5
4,15986415920049e-01;TRUE;TRUE;FALSE;2;0,768537074148297;0,5
6,41136649270207e-01;TRUE;TRUE;FALSE;3;0,768537074148297;0,5
7,72420267113163e-01;TRUE;TRUE;FALSE;1;0,771042084168337;0,5
4,12383294794393e-01;TRUE;TRUE;FALSE;2;0,771042084168337;0,5
6,38714963563734e-01;TRUE;TRUE;FALSE;3;0,771042084168337;0,5
7,70643362679948e-01;TRUE;TRUE;FALSE;1;0,773547094188377;0,5
4,08813604678866e-01;TRUE;TRUE;FALSE;2;0,773547094188377;0,5
6,36312798345664e-01;TRUE;TRUE;FALSE;3;0,773547094188377;0,5
7,68880195441866e-01;TRUE;TRUE;FALSE;1;0,776052104208417;0,5
4,05276706850117e-01;TRUE;TRUE;FALSE;2;0,776052104208417;0,5
6,33929809148006e-01;TRUE;TRUE;FALSE;3;0,776052104208417;0,5
7,67130663633540e-01;TRUE;TRUE;FALSE;1;0,778557114228457;0,5
4,01771976022913e-01;TRUE;TRUE;FALSE;2;0,778557114228457;0,5
6,31565658097340e-01;TRUE;TRUE;FALSE;3;0,778557114228457;0,5
7,65394667786440e-01;TRUE;TRUE;FALSE;1;0,781062124248497;0,5
3,98298799902133e-01;TRUE;TRUE;FALSE;2;0,781062124248497;0,5
6,29220013682827e-01;TRUE;TRUE;FALSE;3;0,781062124248497;0,5
7,63672110709303e-01;TRUE;TRUE;FALSE;1;0,783567134268537;0,5
3,94856578749297e-01;TRUE;TRUE;FALSE;2;0,783567134268537;0,5
6,26892550531264e-01;TRUE;TRUE;FALSE;3;0,783567134268537;0,5
7,61962897470084e-01;TRUE;TRUE;FALSE;1;0,786072144288577;0,5
3,91444724962913e-01;TRUE;TRUE;FALSE;2;0,786072144288577;0,5
6,24582949188826e-01;TRUE;TRUE;FALSE;3;0,786072144288577;0,5
7,60266935379459e-01;TRUE;TRUE;FALSE;1;0,788577154308617;0,5
3,88062662671935e-01;TRUE;TRUE;FALSE;2;0,788577154308617;0,5
6,22290895909117e-01;TRUE;TRUE;FALSE;3;0,788577154308617;0,5
7,58584133975860e-01;TRUE;TRUE;FALSE;1;0,791082164328657;0,5
3,84709827341695e-01;TRUE;TRUE;FALSE;2;0,791082164328657;0,5
6,20016082447189e-01;TRUE;TRUE;FALSE;3;0,791082164328657;0,5
7,56914405012063e-01;TRUE;TRUE;FALSE;1;0,793587174348697;0,5
3,81385665391667e-01;TRUE;TRUE;FALSE;2;0,793587174348697;0,5
6,17758205859199e-01;TRUE;TRUE;FALSE;3;0,793587174348697;0,5
7,55257662443342e-01;TRUE;TRUE;FALSE;1;0,796092184368737;0,5
3,78089633824436e-01;TRUE;TRUE;FALSE;2;0,796092184368737;0,5
6,15516968307363e-01;TRUE;TRUE;FALSE;3;0,796092184368737;0,5
7,53613822417179e-01;TRUE;TRUE;FALSE;1;0,798597194388778;0,5
3,74821199865325e-01;TRUE;TRUE;FALSE;2;0,798597194388778;0,5
6,13292076869918e-01;TRUE;TRUE;FALSE;3;0,798597194388778;0,5
7,51982803264578e-01;TRUE;TRUE;FALSE;1;0,801102204408818;0,5
3,71579840612074e-01;TRUE;TRUE;FALSE;2;0,801102204408818;0,5
6,11083243355763e-01;TRUE;TRUE;FALSE;3;0,801102204408818;0,5
7,50364525492973e-01;TRUE;TRUE;FALSE;1;0,803607214428858;0,5
3,68365042694051e-01;TRUE;TRUE;FALSE;2;0,803607214428858;0,5
6,08890184123507e-01;TRUE;TRUE;FALSE;3;0,803607214428858;0,5
7,48758911780769e-01;TRUE;TRUE;FALSE;1;0,806112224448898;0,5
3,65176301940472e-01;TRUE;TRUE;FALSE;2;0,806112224448898;0,5
6,06712619904629e-01;TRUE;TRUE;FALSE;3;0,806112224448898;0,5
7,47165886973540e-01;TRUE;TRUE;FALSE;1;0,808617234468938;0,5
3,62013123057093e-01;TRUE;TRUE;FALSE;2;0,808617234468938;0,5
6,04550275630460e-01;TRUE;TRUE;FALSE;3;0,808617234468938;0,5
7,45585378081908e-01;TRUE;TRUE;FALSE;1;0,811122244488978;0,5
3,58875019310909e-01;TRUE;TRUE;FALSE;2;0,811122244488978;0,5
6,02402880262745e-01;TRUE;TRUE;FALSE;3;0,811122244488978;0,5
7,44017314281141e-01;TRUE;TRUE;FALSE;1;0,813627254509018;0,5
3,55761512222359e-01;TRUE;TRUE;FALSE;2;0,813627254509018;0,5
6,00270166627478e-01;TRUE;TRUE;FALSE;3;0,813627254509018;0,5
7,42461626912510e-01;TRUE;TRUE;FALSE;1;0,816132264529058;0,5
3,52672131264581e-01;TRUE;TRUE;FALSE;2;0,816132264529058;0,5
5,98151871251787e-01;TRUE;TRUE;FALSE;3;0,816132264529058;0,5
7,40918249486447e-01;TRUE;TRUE;FALSE;1;0,818637274549098;0,5
3,49606413569240e-01;TRUE;TRUE;FALSE;2;0,818637274549098;0,5
5,96047734203581e-01;TRUE;TRUE;FALSE;3;0,818637274549098;0,5
7,39387117687538e-01;TRUE;TRUE;FALSE;1;0,821142284569138;0,5
3,46563903638505e-01;TRUE;TRUE;FALSE;2;0,821142284569138;0,5
5,93957498933719e-01;TRUE;TRUE;FALSE;3;0,821142284569138;0,5
7,37868169381433e-01;TRUE;TRUE;FALSE;1;0,823647294589178;0,5
3,43544153062705e-01;TRUE;TRUE;FALSE;2;0,823647294589178;0,5
5,91880912120447e-01;TRUE;TRUE;FALSE;3;0,823647294589178;0,5
7,36361344623688e-01;TRUE;TRUE;FALSE;1;0,826152304609218;0,5
3,40546720243262e-01;TRUE;TRUE;FALSE;2;0,826152304609218;0,5
5,89817723515849e-01;TRUE;TRUE;FALSE;3;0,826152304609218;0,5
7,34866585670645e-01;TRUE;TRUE;FALSE;1;0,828657314629259;0,5
3,37571170120440e-01;TRUE;TRUE;FALSE;2;0,828657314629259;0,5
5,87767685794057e-01;TRUE;TRUE;FALSE;3;0,828657314629259;0,5
7,33383836992386e-01;TRUE;TRUE;FALSE;1;0,831162324649299;0,5
3,34617073905506e-01;TRUE;TRUE;FALSE;2;0,831162324649299;0,5
5,85730554400980e-01;TRUE;TRUE;FALSE;3;0,831162324649299;0,5
7,31913045287849e-01;TRUE;TRUE;FALSE;1;0,833667334669339;0,5
3,31684008816876e-01;TRUE;TRUE;FALSE;2;0,833667334669339;0,5
5,83706087405292e-01;TRUE;TRUE;FALSE;3;0,833667334669339;0,5
7,30454159502185e-01;TRUE;TRUE;FALSE;1;0,836172344689379;0,5
3,28771557819818e-01;TRUE;TRUE;FALSE;2;0,836172344689379;0,5
5,81694045350422e-01;TRUE;TRUE;FALSE;3;0,836172344689379;0,5
7,29007130846446e-01;TRUE;TRUE;FALSE;1;0,838677354709419;0,5
3,25879309369300e-01;TRUE;TRUE;FALSE;2;0,838677354709419;0,5
5,79694191107305e-01;TRUE;TRUE;FALSE;3;0,838677354709419;0,5
7,27571912819698e-01;TRUE;TRUE;FALSE;1;0,841182364729459;0,5
3,23006857155557e-01;TRUE;TRUE;FALSE;2;0,841182364729459;0,5
5,77706289727607e-01;TRUE;TRUE;FALSE;3;0,841182364729459;0,5
7,26148461233661e-01;TRUE;TRUE;FALSE;1;0,843687374749499;0,5
3,20153799851937e-01;TRUE;TRUE;FALSE;2;0,843687374749499;0,5
5,75730108297180e-01;TRUE;TRUE;FALSE;3;0,843687374749499;0,5
7,24736734239986e-01;TRUE;TRUE;FALSE;1;0,846192384769539;0,5
3,17319740864623e-01;TRUE;TRUE;FALSE;2;0,846192384769539;0,5
5,73765415789474e-01;TRUE;TRUE;FALSE;3;0,846192384769539;0,5
7,23336692360306e-01;TRUE;TRUE;FALSE;1;0,848697394789579;0,5
3,14504288083765e-01;TRUE;TRUE;FALSE;2;0,848697394789579;0,5
5,71811982918607e-01;TRUE;TRUE;FALSE;3;0,848697394789579;0,5
7,21948298519175e-01;TRUE;TRUE;FALSE;1;0,851202404809619;0,5
3,11707053635588e-01;TRUE;TRUE;FALSE;2;0,851202404809619;0,5
5,69869581991830e-01;TRUE;TRUE;FALSE;3;0,851202404809619;0,5
7,20571518080041e-01;TRUE;TRUE;FALSE;1;0,853707414829659;0,5
3,08927653635022e-01;TRUE;TRUE;FALSE;2;0,853707414829659;0,5
5,67937986761065e-01;TRUE;TRUE;FALSE;3;0,853707414829659;0,5
7,19206318884424e-01;TRUE;TRUE;FALSE;1;0,856212424849699;0,5
3,06165707938382e-01;TRUE;TRUE;FALSE;2;0,856212424849699;0,5
5,66016972273240e-01;TRUE;TRUE;FALSE;3;0,856212424849699;0,5
7,17852671294444e-01;TRUE;TRUE;FALSE;1;0,858717434869740;0,5
3,03420839895600e-01;TRUE;TRUE;FALSE;2;0,858717434869740;0,5
5,64106314719055e-01;TRUE;TRUE;FALSE;3;0,858717434869740;0,5
7,16510548238899e-01;TRUE;TRUE;FALSE;1;0,861222444889780;0,5
3,00692676101545e-01;TRUE;TRUE;FALSE;2;0,861222444889780;0,5
5,62205791279890e-01;TRUE;TRUE;FALSE;3;0,861222444889780;0,5
7,15179925263074e-01;TRUE;TRUE;FALSE;1;0,863727454909820;0,5
2,97980846145870e-01;TRUE;TRUE;FALSE;2;0,863727454909820;0,5
5,60315179972470e-01;TRUE;TRUE;FALSE;3;0,863727454909820;0,5
7,13860780582511e-01;TRUE;TRUE;FALSE;1;0,866232464929860;0,5
2,95284982360868e-01;TRUE;TRUE;FALSE;2;0,866232464929860;0,5
5,58434259490926e-01;TRUE;TRUE;FALSE;3;0,866232464929860;0,5
7,12553095140957e-01;TRUE;TRUE;FALSE;1;0,868737474949900;0,5
2,92604719566773e-01;TRUE;TRUE;FALSE;2;0,868737474949900;0,5
5,56562809045870e-01;TRUE;TRUE;FALSE;3;0,868737474949900;0,5
7,11256852672741e-01;TRUE;TRUE;FALSE;1;0,871242484969940;0,5
2,89939694813893e-01;TRUE;TRUE;FALSE;2;0,871242484969940;0,5
5,54700608200063e-01;TRUE;TRUE;FALSE;3;0,871242484969940;0,5
7,09972039769866e-01;TRUE;TRUE;FALSE;1;0,873747494989980;0,5
2,87289547120974e-01;TRUE;TRUE;FALSE;2;0,873747494989980;0,5
5,52847436700242e-01;TRUE;TRUE;FALSE;3;0,873747494989980;0,5
7,08698645954092e-01;TRUE;TRUE;FALSE;1;0,876252505010020;0,5
2,84653917209109e-01;TRUE;TRUE;FALSE;2;0,876252505010020;0,5
5,51003074304636e-01;TRUE;TRUE;FALSE;3;0,876252505010020;0,5
7,07436663754335e-01;TRUE;TRUE;FALSE;1;0,878757515030060;0,5
2,82032447230511e-01;TRUE;TRUE;FALSE;2;0,878757515030060;0,5
5,49167300605680e-01;TRUE;TRUE;FALSE;3;0,878757515030060;0,5
7,06186088789745e-01;TRUE;TRUE;FALSE;1;0,881262525050100;0,5
2,79424780491391e-01;TRUE;TRUE;FALSE;2;0,881262525050100;0,5
5,47339894847395e-01;TRUE;TRUE;FALSE;3;0,881262525050100;0,5
7,04946919858816e-01;TRUE;TRUE;FALSE;1;0,883767535070140;0,5
2,76830561168164e-01;TRUE;TRUE;FALSE;2;0,883767535070140;0,5
5,45520635736869e-01;TRUE;TRUE;FALSE;3;0,883767535070140;0,5
7,03719159034955e-01;TRUE;TRUE;FALSE;1;0,886272545090180;0,5
2,74249434016109e-01;TRUE;TRUE;FALSE;2;0,886272545090180;0,5
5,43709301249218e-01;TRUE;TRUE;FALSE;3;0,886272545090180;0,5
7,02502811768959e-01;TRUE;TRUE;FALSE;1;0,888777555110220;0,5
2,71681044069605e-01;TRUE;TRUE;FALSE;2;0,888777555110220;0,5
5,41905668425379e-01;TRUE;TRUE;FALSE;3;0,888777555110220;0,5
7,01297886998880e-01;TRUE;TRUE;FALSE;1;0,891282565130260;0,5
2,69125036332936e-01;TRUE;TRUE;FALSE;2;0,891282565130260;0,5
5,40109513162034e-01;TRUE;TRUE;FALSE;3;0,891282565130260;0,5
7,00104397267813e-01;TRUE;TRUE;FALSE;1;0,893787575150301;0,5
2,66581055460634e-01;TRUE;TRUE;FALSE;2;0,893787575150301;0,5
5,38320609992873e-01;TRUE;TRUE;FALSE;3;0,893787575150301;0,5
6,98922358850196e-01;TRUE;TRUE;FALSE;1;0,896292585170341;0,5
2,64048745426211e-01;TRUE;TRUE;FALSE;2;0,896292585170341;0,5
5,36538731860400e-01;TRUE;TRUE;FALSE;3;0,896292585170341;0,5
6,97751791887250e-01;TRUE;TRUE;FALSE;1;0,898797595190381;0,5
2,61527749178049e-01;TRUE;TRUE;FALSE;2;0,898797595190381;0,5
5,34763649877349e-01;TRUE;TRUE;FALSE;3;0,898797595190381;0,5
6,96592720532259e-01;TRUE;TRUE;FALSE;1;0,901302605210421;0,5
2,59017708281125e-01;TRUE;TRUE;FALSE;2;0,901302605210421;0,5
5,32995133076758e-01;TRUE;TRUE;FALSE;3;0,901302605210421;0,5
6,95445173106449e-01;TRUE;TRUE;FALSE;1;0,903807615230461;0,5
2,56518262543106e-01;TRUE;TRUE;FALSE;2;0,903807615230461;0,5
5,31232948149611e-01;TRUE;TRUE;FALSE;3;0,903807615230461;0,5
6,94309182266319e-01;TRUE;TRUE;FALSE;1;0,906312625250501;0,5
2,54029049623232e-01;TRUE;TRUE;FALSE;2;0,906312625250501;0,5
5,29476859168902e-01;TRUE;TRUE;FALSE;3;0,906312625250501;0,5
6,93184785183314e-01;TRUE;TRUE;FALSE;1;0,908817635270541;0,5
2,51549704622275e-01;TRUE;TRUE;FALSE;2;0,908817635270541;0,5
5,27726627298831e-01;TRUE;TRUE;FALSE;3;0,908817635270541;0,5
6,92072023736881e-01;TRUE;TRUE;FALSE;1;0,911322645290581;0,5
2,49079859651665e-01;TRUE;TRUE;FALSE;2;0,911322645290581;0,5
5,25982010487753e-01;TRUE;TRUE;FALSE;3;0,911322645290581;0,5
6,90970944722009e-01;TRUE;TRUE;FALSE;1;0,913827655310621;0,5
2,46619143379731e-01;TRUE;TRUE;FALSE;2;0,913827655310621;0,5
5,24242763143327e-01;TRUE;TRUE;FALSE;3;0,913827655310621;0,5
6,89881600072469e-01;TRUE;TRUE;FALSE;1;0,916332665330661;0,5
2,44167180552759e-01;TRUE;TRUE;FALSE;2;0,916332665330661;0,5
5,22508635788204e-01;TRUE;TRUE;FALSE;3;0,916332665330661;0,5
6,88804047101136e-01;TRUE;TRUE;FALSE;1;0,918837675350701;0,5
2,41723591488382e-01;TRUE;TRUE;FALSE;2;0,918837675350701;0,5
5,20779374694375e-01;TRUE;TRUE;FALSE;3;0,918837675350701;0,5
6,87738348758865e-01;TRUE;TRUE;FALSE;1;0,921342685370741;0,5
2,39287991538533e-01;TRUE;TRUE;FALSE;2;0,921342685370741;0,5
5,19054721494149e-01;TRUE;TRUE;FALSE;3;0,921342685370741;0,5
6,86684573913605e-01;TRUE;TRUE;FALSE;1;0,923847695390781;0,5
2,36859990518902e-01;TRUE;TRUE;FALSE;2;0,923847695390781;0,5
5,17334412765487e-01;TRUE;TRUE;FALSE;3;0,923847695390781;0,5
6,85642797651571e-01;TRUE;TRUE;FALSE;1;0,926352705410822;0,5
2,34439192101521e-01;TRUE;TRUE;FALSE;2;0,926352705410822;0,5
5,15618179589182e-01;TRUE;TRUE;FALSE;3;0,926352705410822;0,5
6,84613101602538e-01;TRUE;TRUE;FALSE;1;0,928857715430862;0,5
2,32025193166733e-01;TRUE;TRUE;FALSE;2;0,928857715430862;0,5
5,13905747075108e-01;TRUE;TRUE;FALSE;3;0,928857715430862;0,5
6,83595574291522e-01;TRUE;TRUE;FALSE;1;0,931362725450902;0,5
2,29617583110367e-01;TRUE;TRUE;FALSE;2;0,931362725450902;0,5
5,12196833854432e-01;TRUE;TRUE;FALSE;3;0,931362725450902;0,5
6,82590311519395e-01;TRUE;TRUE;FALSE;1;0,933867735470942;0,5
2,27215943101477e-01;TRUE;TRUE;FALSE;2;0,933867735470942;0,5
5,10491151534346e-01;TRUE;TRUE;FALSE;3;0,933867735470942;0,5
6,81597416775264e-01;TRUE;TRUE;FALSE;1;0,936372745490982;0,5
2,24819845285463e-01;TRUE;TRUE;FALSE;2;0,936372745490982;0,5
5,08788404111470e-01;TRUE;TRUE;FALSE;3;0,936372745490982;0,5
6,80617001683792e-01;TRUE;TRUE;FALSE;1;0,938877755511022;0,5
2,22428851926773e-01;TRUE;TRUE;FALSE;2;0,938877755511022;0,5
5,07088287339604e-01;TRUE;TRUE;FALSE;3;0,938877755511022;0,5
6,79649186491012e-01;TRUE;TRUE;FALSE;1;0,941382765531062;0,5
2,20042514484685e-01;TRUE;TRUE;FALSE;2;0,941382765531062;0,5
5,05390488047018e-01;TRUE;TRUE;FALSE;3;0,941382765531062;0,5
6,78694100592635e-01;TRUE;TRUE;FALSE;1;0,943887775551102;0,5
2,17660372614864e-01;TRUE;TRUE;FALSE;2;0,943887775551102;0,5
5,03694683397843e-01;TRUE;TRUE;FALSE;3;0,943887775551102;0,5
6,77751883109354e-01;TRUE;TRUE;FALSE;1;0,946392785571142;0,5
2,15281953088476e-01;TRUE;TRUE;FALSE;2;0,946392785571142;0,5
5,02000540091446e-01;TRUE;TRUE;FALSE;3;0,946392785571142;0,5
6,76822683514210e-01;TRUE;TRUE;FALSE;1;0,948897795591182;0,5
2,12906768619562e-01;TRUE;TRUE;FALSE;2;0,948897795591182;0,5
5,00307713492921e-01;TRUE;TRUE;FALSE;3;0,948897795591182;0,5
6,75906662317778e-01;TRUE;TRUE;FALSE;1;0,951402805611222;0,5
2,10534316590185e-01;TRUE;TRUE;FALSE;2;0,951402805611222;0,5
4,98615846686867e-01;TRUE;TRUE;FALSE;3;0,951402805611222;0,5
6,75003991817656e-01;TRUE;TRUE;FALSE;1;0,953907815631262;0,5
2,08164077661432e-01;TRUE;TRUE;FALSE;2;0,953907815631262;0,5
4,96924569445640e-01;TRUE;TRUE;FALSE;3;0,953907815631262;0,5
6,74114856919678e-01;TRUE;TRUE;FALSE;1;0,956412825651303;0,5
2,05795514256727e-01;TRUE;TRUE;FALSE;2;0,956412825651303;0,5
4,95233497101996e-01;TRUE;TRUE;FALSE;3;0,956412825651303;0,5
6,73239456039243e-01;TRUE;TRUE;FALSE;1;0,958917835671343;0,5
2,03428068902018e-01;TRUE;TRUE;FALSE;2;0,958917835671343;0,5
4,93542229314706e-01;TRUE;TRUE;FALSE;3;0,958917835671343;0,5
6,72378002092410e-01;TRUE;TRUE;FALSE;1;0,961422845691383;0,5
2,01061162405195e-01;TRUE;TRUE;FALSE;2;0,961422845691383;0,5
4,91850348714019e-01;TRUE;TRUE;FALSE;3;0,961422845691383;0,5
6,71530723587754e-01;TRUE;TRUE;FALSE;1;0,963927855711423;0,5
1,98694191854485e-01;TRUE;TRUE;FALSE;2;0,963927855711423;0,5
4,90157419411986e-01;TRUE;TRUE;FALSE;3;0,963927855711423;0,5
6,70697865831648e-01;TRUE;TRUE;FALSE;1;0,966432865731463;0,5
1,96326528412602e-01;TRUE;TRUE;FALSE;2;0,966432865731463;0,5
4,88462985360402e-01;TRUE;TRUE;FALSE;3;0,966432865731463;0,5
6,69879692261554e-01;TRUE;TRUE;FALSE;1;0,968937875751503;0,5
1,93957514879773e-01;TRUE;TRUE;FALSE;2;0,968937875751503;0,5
4,86766568536470e-01;TRUE;TRUE;FALSE;3;0,968937875751503;0,5
6,69076485924177e-01;TRUE;TRUE;FALSE;1;0,971442885771543;0,5
1,91586462994641e-01;TRUE;TRUE;FALSE;2;0,971442885771543;0,5
4,85067666933209e-01;TRUE;TRUE;FALSE;3;0,971442885771543;0,5
6,68288551118013e-01;TRUE;TRUE;FALSE;1;0,973947895791583;0,5
1,89212650437001e-01;TRUE;TRUE;FALSE;2;0,973947895791583;0,5
4,83365752327910e-01;TRUE;TRUE;FALSE;3;0,973947895791583;0,5
6,67516215223048e-01;TRUE;TRUE;FALSE;1;0,976452905811623;0,5
1,86835317490382e-01;TRUE;TRUE;FALSE;2;0,976452905811623;0,5
4,81660267797563e-01;TRUE;TRUE;FALSE;3;0,976452905811623;0,5
6,66759830744148e-01;TRUE;TRUE;FALSE;1;0,978957915831663;0,5
1,84453663315426e-01;TRUE;TRUE;FALSE;2;0,978957915831663;0,5
4,79950624944963e-01;TRUE;TRUE;FALSE;3;0,978957915831663;0,5
6,66019777599283e-01;TRUE;TRUE;FALSE;1;0,981462925851703;0,5
1,82066841776454e-01;TRUE;TRUE;FALSE;2;0,981462925851703;0,5
4,78236200792850e-01;TRUE;TRUE;FALSE;3;0,981462925851703;0,5
6,65296465689213e-01;TRUE;TRUE;FALSE;1;0,983967935871743;0,5
1,79673956753365e-01;TRUE;TRUE;FALSE;2;0,983967935871743;0,5
4,76516334295933e-01;TRUE;TRUE;FALSE;3;0,983967935871743;0,5
6,64590337791948e-01;TRUE;TRUE;FALSE;1;0,986472945891784;0,5
1,77274056858559e-01;TRUE;TRUE;FALSE;2;0,986472945891784;0,5
4,74790322411415e-01;TRUE;TRUE;FALSE;3;0,986472945891784;0,5
6,63901872833379e-01;TRUE;TRUE;FALSE;1;0,988977955911824;0,5
1,74866129463447e-01;TRUE;TRUE;FALSE;2;0,988977955911824;0,5
4,73057415657495e-01;TRUE;TRUE;FALSE;3;0,988977955911824;0,5
6,63231589595405e-01;TRUE;TRUE;FALSE;1;0,991482965931864;0,5
1,72449093920560e-01;TRUE;TRUE;FALSE;2;0,991482965931864;0,5
4,71316813075648e-01;TRUE;TRUE;FALSE;3;0,991482965931864;0,5
6,62580050935018e-01;TRUE;TRUE;FALSE;1;0,993987975951904;0,5
1,70021793844501e-01;TRUE;TRUE;FALSE;2;0,993987975951904;0,5
4,69567656495698e-01;TRUE;TRUE;FALSE;3;0,993987975951904;0,5
6,61947868602905e-01;TRUE;TRUE;FALSE;1;0,996492985971944;0,5
1,67582988286721e-01;TRUE;TRUE;FALSE;2;0,996492985971944;0,5
4,67809023981890e-01;TRUE;TRUE;FALSE;3;0,996492985971944;0,5
6,61335708768811e-01;TRUE;TRUE;FALSE;1;0,998997995991984;0,5
1,65131341604004e-01;TRUE;TRUE;FALSE;2;0,998997995991984;0,5
4,66039922312288e-01;TRUE;TRUE;FALSE;3;0,998997995991984;0,5
6,60744298384365e-01;TRUE;TRUE;FALSE;1;1,001503006012024;0,5
1,62665411776444e-01;TRUE;TRUE;FALSE;2;1,001503006012024;0,5
4,64259278311385e-01;TRUE;TRUE;FALSE;3;1,001503006012024;0,5
6,60174432543649e-01;TRUE;TRUE;FALSE;1;1,004008016032064;0,5
1,60183636875116e-01;TRUE;TRUE;FALSE;2;1,004008016032064;0,5
4,62465928814894e-01;TRUE;TRUE;FALSE;3;1,004008016032064;0,5
6,59626983039327e-01;TRUE;TRUE;FALSE;1;1,006513026052104;0,5
1,57684319308866e-01;TRUE;TRUE;FALSE;2;1,006513026052104;0,5
4,60658608993585e-01;TRUE;TRUE;FALSE;3;1,006513026052104;0,5
6,59102908360269e-01;TRUE;TRUE;FALSE;1;1,009018036072144;0,5
1,55165607388990e-01;TRUE;TRUE;FALSE;2;1,009018036072144;0,5
4,58835938696397e-01;TRUE;TRUE;FALSE;3;1,009018036072144;0,5
6,58603265438712e-01;TRUE;TRUE;FALSE;1;1,011523046092184;0,5
1,52625473633305e-01;TRUE;TRUE;FALSE;2;1,011523046092184;0,5
4,56996406386770e-01;TRUE;TRUE;FALSE;3;1,011523046092184;0,5
6,58129223535959e-01;TRUE;TRUE;FALSE;1;1,014028056112224;0,5
1,50061689078129e-01;TRUE;TRUE;FALSE;2;1,014028056112224;0,5
4,55138350133735e-01;TRUE;TRUE;FALSE;3;1,014028056112224;0,5
6,57682080762164e-01;TRUE;TRUE;FALSE;1;1,016533066132264;0,5
1,47471792665144e-01;TRUE;TRUE;FALSE;2;1,016533066132264;0,5
4,53259934971153e-01;TRUE;TRUE;FALSE;3;1,016533066132264;0,5
6,57263283867444e-01;TRUE;TRUE;FALSE;1;1,019038076152305;0,5
1,44853054501729e-01;TRUE;TRUE;FALSE;2;1,019038076152305;0,5
4,51359125741353e-01;TRUE;TRUE;FALSE;3;1,019038076152305;0,5
6,56874452132192e-01;TRUE;TRUE;FALSE;1;1,021543086172345;0,5
1,42202431431936e-01;TRUE;TRUE;FALSE;2;1,021543086172345;0,5
4,49433654274012e-01;TRUE;TRUE;FALSE;3;1,021543086172345;0,5
6,56517406444045e-01;TRUE;TRUE;FALSE;1;1,024048096192385;0,5
1,39516512862496e-01;TRUE;TRUE;FALSE;2;1,024048096192385;0,5
4,47480979389311e-01;TRUE;TRUE;FALSE;3;1,024048096192385;0,5
6,56194205007309e-01;TRUE;TRUE;FALSE;1;1,026553106212425;0,5
1,36791454107333e-01;TRUE;TRUE;FALSE;2;1,026553106212425;0,5
4,45498237714710e-01;TRUE;TRUE;FALSE;3;1,026553106212425;0,5
6,55907187632481e-01;TRUE;TRUE;FALSE;1;1,029058116232465;0,5
1,34022893559245e-01;TRUE;TRUE;FALSE;2;1,029058116232465;0,5
4,43482182604137e-01;TRUE;TRUE;FALSE;3;1,029058116232465;0,5
6,55659031267837e-01;TRUE;TRUE;FALSE;1;1,031563126252505;0,5
1,31205848636914e-01;TRUE;TRUE;FALSE;2;1,031563126252505;0,5
4,41429107450560e-01;TRUE;TRUE;FALSE;3;1,031563126252505;0,5
6,55452820469807e-01;TRUE;TRUE;FALSE;1;1,034068136272545;0,5
1,28334583482283e-01;TRUE;TRUE;FALSE;2;1,034068136272545;0,5
4,39334748236192e-01;TRUE;TRUE;FALSE;3;1,034068136272545;0,5
6,55292138037583e-01;TRUE;TRUE;FALSE;1;1,036573146292585;0,5
1,25402438465055e-01;TRUE;TRUE;FALSE;2;1,036573146292585;0,5
4,37194158025587e-01;TRUE;TRUE;FALSE;3;1,036573146292585;0,5
6,55181183345408e-01;TRUE;TRUE;FALSE;1;1,039078156312625;0,5
1,22401607139962e-01;TRUE;TRUE;FALSE;2;1,039078156312625;0,5
4,35001542874731e-01;TRUE;TRUE;FALSE;3;1,039078156312625;0,5
6,55124929476956e-01;TRUE;TRUE;FALSE;1;1,041583166332665;0,5
1,19322839469907e-01;TRUE;TRUE;FALSE;2;1,041583166332665;0,5
4,32750043624361e-01;TRUE;TRUE;FALSE;3;1,041583166332665;0,5
6,55129335945403e-01;TRUE;TRUE;FALSE;1;1,044088176352705;0,5
1,16155039249033e-01;TRUE;TRUE;FALSE;2;1,044088176352705;0,5
4,30431440079497e-01;TRUE;TRUE;FALSE;3;1,044088176352705;0,5
6,55201643102820e-01;TRUE;TRUE;FALSE;1;1,046593186372745;0,5
1,12884705785707e-01;TRUE;TRUE;FALSE;2;1,046593186372745;0,5
4,28035740992797e-01;TRUE;TRUE;FALSE;3;1,046593186372745;0,5
6,55350790199018e-01;TRUE;TRUE;FALSE;1;1,049098196392785;0,5
1,09495139460156e-01;TRUE;TRUE;FALSE;2;1,049098196392785;0,5
4,25550600989840e-01;TRUE;TRUE;FALSE;3;1,049098196392785;0,5
6,55588027181946e-01;TRUE;TRUE;FALSE;1;1,051603206412826;0,5
1,05965276693611e-01;TRUE;TRUE;FALSE;2;1,051603206412826;0,5
4,22960466013447e-01;TRUE;TRUE;FALSE;3;1,051603206412826;0,5
6,55927842768246e-01;TRUE;TRUE;FALSE;1;1,054108216432866;0,5
1,02267918948281e-01;TRUE;TRUE;FALSE;2;1,054108216432866;0,5
4,20245275061429e-01;TRUE;TRUE;FALSE;3;1,054108216432866;0,5
6,56389435005352e-01;TRUE;TRUE;FALSE;1;1,056613226452906;0,5
9,83669205768002e-02;TRUE;TRUE;FALSE;2;1,056613226452906;0,5
4,17378399921957e-01;TRUE;TRUE;FALSE;3;1,056613226452906;0,5
6,56999170965429e-01;TRUE;TRUE;FALSE;1;1,059118236472946;0,5
9,42124751137901e-02;TRUE;TRUE;FALSE;2;1,059118236472946;0,5
4,14323193839064e-01;TRUE;TRUE;FALSE;3;1,059118236472946;0,5
6,57794995231165e-01;TRUE;TRUE;FALSE;1;1,061623246492986;0,5
8,97326486912940e-02;TRUE;TRUE;FALSE;2;1,061623246492986;0,5
4,11026796085133e-01;TRUE;TRUE;FALSE;3;1,061623246492986;0,5
6,58835090289324e-01;TRUE;TRUE;FALSE;1;1,064128256513026;0,5
8,48167111074918e-02;TRUE;TRUE;FALSE;2;1,064128256513026;0,5
4,07407941859167e-01;TRUE;TRUE;FALSE;3;1,064128256513026;0,5
6,60217225973773e-01;TRUE;TRUE;FALSE;1;1,066633266533066;0,5
7,92778098811545e-02;TRUE;TRUE;FALSE;2;1,066633266533066;0,5
4,03329682374500e-01;TRUE;TRUE;FALSE;3;1,066633266533066;0,5
6,62131399510775e-01;TRUE;TRUE;FALSE;1;1,069138276553106;0,5
7,27511891945023e-02;TRUE;TRUE;FALSE;2;1,069138276553106;0,5
3,98525044673249e-01;TRUE;TRUE;FALSE;3;1,069138276553106;0,5
6,65064353780127e-01;TRUE;TRUE;FALSE;1;1,071643286573146;0,5
6,42977532761751e-02;TRUE;TRUE;FALSE;2;1,071643286573146;0,5
3,92307674274339e-01;TRUE;TRUE;FALSE;3;1,071643286573146;0,5
6,72926001395577e-01;TRUE;TRUE;FALSE;1;1,074148296593186;0,5
4,63201318134013e-02;TRUE;TRUE;FALSE;2;1,074148296593186;0,5
3,79135853023355e-01;TRUE;TRUE;FALSE;3;1,074148296593186;0,5
7,20361322495201e-01;TRUE;TRUE;FALSE;1;1,076653306613226;0,5
1,00000000000000e-14;TRUE;TRUE;FALSE;2;1,076653306613226;0,5
3,19326035412235e-01;TRUE;TRUE;FALSE;3;1,076653306613226;0,5
7,25034011361918e-01;TRUE;TRUE;FALSE;1;1,079158316633266;0,5
1,00000000000000e-14;TRUE;TRUE;FALSE;2;1,079158316633266;0,5
3,13094564718513e-01;TRUE;TRUE;FALSE;3;1,079158316633266;0,5
7,30023974800501e-01;TRUE;TRUE;FALSE;1;1,081663326653306;0,5
1,00000000000000e-14;TRUE;TRUE;FALSE;2;1,081663326653306;0,5
3,06538299460594e-01;TRUE;TRUE;FALSE;3;1,081663326653306;0,5
7,35359846076368e-01;TRUE;TRUE;FALSE;1;1,084168336673347;0,5
1,00000000000000e-14;TRUE;TRUE;FALSE;2;1,084168336673347;0,5
2,99627584377292e-01;TRUE;TRUE;FALSE;3;1,084168336673347;0,5
7,41073833765490e-01;TRUE;TRUE;FALSE;1;1,086673346693387;0,5
1,00000000000000e-14;TRUE;TRUE;FALSE;2;1,086673346693387;0,5
2,92329063142675e-01;TRUE;TRUE;FALSE;3;1,086673346693387;0,5
7,47202297616867e-01;TRUE;TRUE;FALSE;1;1,089178356713427;0,5
1,00000000000000e-14;TRUE;TRUE;FALSE;2;1,089178356713427;0,5
2,84605082236315e-01;TRUE;TRUE;FALSE;3;1,089178356713427;0,5
7,53786439423673e-01;TRUE;TRUE;FALSE;1;1,091683366733467;0,5
1,00000000000000e-14;TRUE;TRUE;FALSE;2;1,091683366733467;0,5
2,76412975757299e-01;TRUE;TRUE;FALSE;3;1,091683366733467;0,5
7,60873136622846e-01;TRUE;TRUE;FALSE;1;1,094188376753507;0,5
1,00000000000000e-14;TRUE;TRUE;FALSE;2;1,094188376753507;0,5
2,67704202486633e-01;TRUE;TRUE;FALSE;3;1,094188376753507;0,5
7,68515954250921e-01;TRUE;TRUE;FALSE;1;1,096693386773547;0,5
1,00000000000000e-14;TRUE;TRUE;FALSE;2;1,096693386773547;0,5
2,58423298316385e-01;TRUE;TRUE;FALSE;3;1,096693386773547;0,5
7,76776381423391e-01;TRUE;TRUE;FALSE;1;1,099198396793587;0,5
1,00000000000000e-14;TRUE;TRUE;FALSE;2;1,099198396793587;0,5
2,48506596253467e-01;TRUE;TRUE;FALSE;3;1,099198396793587;0,5
7,85725352687087e-01;TRUE;TRUE;FALSE;1;1,101703406813627;0,5
1,00000000000000e-14;TRUE;TRUE;FALSE;2;1,101703406813627;0,5
2,37880651524647e-01;TRUE;TRUE;FALSE;3;1,101703406813627;0,5
7,95445133873771e-01;TRUE;TRUE;FALSE;1;1,104208416833667;0,5
1,00000000000000e-14;TRUE;TRUE;FALSE;2;1,104208416833667;0,5
2,26460289352162e-01;TRUE;TRUE;FALSE;3;1,104208416833667;0,5
8,06031678578802e-01;TRUE;TRUE;FALSE;1;1,106713426853707;0,5
1,00000000000000e-14;TRUE;TRUE;FALSE;2;1,106713426853707;0,5
2,14146165541205e-01;TRUE;TRUE;FALSE;3;1,106713426853707;0,5
8,17597598232758e-01;TRUE;TRUE;FALSE;1;1,109218436873747;0,5
1,00000000000000e-14;TRUE;TRUE;FALSE;2;1,109218436873747;0,5
2,00821691879786e-01;TRUE;TRUE;FALSE;3;1,109218436873747;0,5
8,30275940621480e-01;TRUE;TRUE;FALSE;1;1,111723446893788;0,5
1,00000000000000e-14;TRUE;TRUE;FALSE;2;1,111723446893788;0,5
1,86349124637826e-01;TRUE;TRUE;FALSE;3;1,111723446893788;0,5
8,44225045789785e-01;TRUE;TRUE;FALSE;1;1,114228456913828;0,5
1,00000000000000e-14;TRUE;TRUE;FALSE;2;1,114228456913828;0,5
1,70564537765372e-01;TRUE;TRUE;FALSE;3;1,114228456913828;0,5
8,59634855608721e-01;TRUE;TRUE;FALSE;1;1,116733466933868;0,5
1,00000000000000e-14;TRUE;TRUE;FALSE;2;1,116733466933868;0,5
1,53271291267362e-01;TRUE;TRUE;FALSE;3;1,116733466933868;0,5
8,76735211364122e-01;TRUE;TRUE;FALSE;1;1,119238476953908;0,5
1,00000000000000e-14;TRUE;TRUE;FALSE;2;1,119238476953908;0,5
1,34231441591095e-01;TRUE;TRUE;FALSE;3;1,119238476953908;0,5
8,95806910653798e-01;TRUE;TRUE;FALSE;1;1,121743486973948;0,5
1,00000000000000e-14;TRUE;TRUE;FALSE;2;1,121743486973948;0,5
1,13154295594572e-01;TRUE;TRUE;FALSE;3;1,121743486973948;0,5
9,17196656928932e-01;TRUE;TRUE;FALSE;1;1,124248496993988;0,5
1,00000000000000e-14;TRUE;TRUE;FALSE;2;1,124248496993988;0,5
8,96809348737486e-02;TRUE;TRUE;FALSE;3;1,124248496993988;0,5
9,41337600172546e-01;TRUE;TRUE;FALSE;1;1,126753507014028;0,5
1,00000000000000e-14;TRUE;TRUE;FALSE;2;1,126753507014028;0,5
6,33629521794648e-02;TRUE;TRUE;FALSE;3;1,126753507014028;0,5
9,68778070490198e-01;TRUE;TRUE;FALSE;1;1,129258517034068;0,5
1,00000000000000e-14;TRUE;TRUE;FALSE;2;1,129258517034068;0,5
3,36327065828165e-02;TRUE;TRUE;FALSE;3;1,129258517034068;0,5
9,99946765225233e-01;TRUE;TRUE;FALSE;1;1,131763527054108;0,5
1,00000000000000e-14;TRUE;TRUE;FALSE;2;1,131763527054108;0,5
5,71897632527692e-05;TRUE;TRUE;FALSE;3;1,131763527054108;0,5
9,99999999986588e-01;TRUE;TRUE;FALSE;1;1,134268537074148;0,5
1,00000000000000e-14;TRUE;TRUE;FALSE;2;1,134268537074148;0,5
1,00000000000000e-14;TRUE;TRUE;FALSE;3;1,134268537074148;0,5
9,99999983372670e-01;TRUE;TRUE;FALSE;1;1,136773547094188;0,5
1,00000000000000e-14;TRUE;TRUE;FALSE;2;1,136773547094188;0,5
1,00000000000000e-14;TRUE;TRUE;FALSE;3;1,136773547094188;0,5
1,00000000001175e+00;TRUE;TRUE;FALSE;1;1,139278557114229;0,5
1,00000000000000e-14;TRUE;TRUE;FALSE;2;1,139278557114229;0,5
1,00000000000000e-14;TRUE;TRUE;FALSE;3;1,139278557114229;0,5
9,99999999999985e-01;TRUE;TRUE;FALSE;1;1,141783567134269;0,5
1,00000000000000e-14;TRUE;TRUE;FALSE;2;1,141783567134269;0,5
1,00000000000000e-14;TRUE;TRUE;FALSE;3;1,141783567134269;0,5
1,00000000000887e+00;TRUE;TRUE;FALSE;1;1,144288577154309;0,5
1,00000000000000e-14;TRUE;TRUE;FALSE;2;1,144288577154309;0,5
1,00000000000000e-14;TRUE;TRUE;FALSE;3;1,144288577154309;0,5
9,99999999998714e-01;TRUE;TRUE;FALSE;1;1,146793587174349;0,5
1,00000000000000e-14;TRUE;TRUE;FALSE;2;1,146793587174349;0,5
1,00000000000000e-14;TRUE;TRUE;FALSE;3;1,146793587174349;0,5
9,99999999997058e-01;TRUE;TRUE;FALSE;1;1,149298597194389;0,5
1,00000000000000e-14;TRUE;TRUE;FALSE;2;1,149298597194389;0,5
1,00000000000000e-14;TRUE;TRUE;FALSE;3;1,149298597194389;0,5
1,00000000000000e+00;TRUE;TRUE;FALSE;1;1,151803607214429;0,5
1,00000000000000e-14;TRUE;TRUE;FALSE;2;1,151803607214429;0,5
1,00000000000000e-14;TRUE;TRUE;FALSE;3;1,151803607214429;0,5
9,99999999999075e-01;TRUE;TRUE;FALSE;1;1,154308617234469;0,5
1,00000000000000e-14;TRUE;TRUE;FALSE;2;1,154308617234469;0,5
1,00000000000000e-14;TRUE;TRUE;FALSE;3;1,154308617234469;0,5
9,99999999999003e-01;TRUE;TRUE;FALSE;1;1,156813627254509;0,5
1,00000000000000e-14;TRUE;TRUE;FALSE;2;1,156813627254509;0,5
1,00000000000000e-14;TRUE;TRUE;FALSE;3;1,156813627254509;0,5
1,00000000000031e+00;TRUE;TRUE;FALSE;1;1,159318637274549;0,5
1,00000000000000e-14;TRUE;TRUE;FALSE;2;1,159318637274549;0,5
1,00000000000000e-14;TRUE;TRUE;FALSE;3;1,159318637274549;0,5
1,00000000000002e+00;TRUE;TRUE;FALSE;1;1,161823647294589;0,5
1,00000000000000e-14;TRUE;TRUE;FALSE;2;1,161823647294589;0,5
1,00000000000000e-14;TRUE;TRUE;FALSE;3;1,161823647294589;0,5
9,99999999999999e-01;TRUE;TRUE;FALSE;1;1,164328657314629;0,5
1,00000000000000e-14;TRUE;TRUE;FALSE;2;1,164328657314629;0,5
1,00000000000000e-14;TRUE;TRUE;FALSE;3;1,164328657314629;0,5
1,00000000000003e+00;TRUE;TRUE;FALSE;1;1,166833667334669;0,5
1,00000000000000e-14;TRUE;TRUE;FALSE;2;1,166833667334669;0,5
1,00000000000000e-14;TRUE;TRUE;FALSE;3;1,166833667334669;0,5
1,00000000000000e+00;TRUE;TRUE;FALSE;1;1,169338677354709;0,5
1,00000000000000e-14;TRUE;TRUE;FALSE;2;1,169338677354709;0,5
1,00000000000000e-14;TRUE;TRUE;FALSE;3;1,169338677354709;0,5
1,00000000001421e+00;TRUE;TRUE;FALSE;1;1,171843687374750;0,5
1,00000000000000e-14;TRUE;TRUE;FALSE;2;1,171843687374750;0,5
1,00000000000000e-14;TRUE;TRUE;FALSE;3;1,171843687374750;0,5
9,99999999999989e-01;TRUE;TRUE;FALSE;1;1,174348697394790;0,5
1,00000000000000e-14;TRUE;TRUE;FALSE;2;1,174348697394790;0,5
1,00000000000000e-14;TRUE;TRUE;FALSE;3;1,174348697394790;0,5
1,00000000000000e+00;TRUE;TRUE;FALSE;1;1,176853707414830;0,5
1,00000000000000e-14;TRUE;TRUE;FALSE;2;1,176853707414830;0,5
1,00000000000000e-14;TRUE;TRUE;FALSE;3;1,176853707414830;0,5
1,00000000000001e+00;TRUE;TRUE;FALSE;1;1,179358717434870;0,5
1,00000000000000e-14;TRUE;TRUE;FALSE;2;1,179358717434870;0,5
1,00000000000000e-14;TRUE;TRUE;FALSE;3;1,179358717434870;0,5
1,00000000000000e+00;TRUE;TRUE;FALSE;1;1,181863727454910;0,5
1,00000000000000e-14;TRUE;TRUE;FALSE;2;1,181863727454910;0,5
1,00000000000000e-14;TRUE;TRUE;FALSE;3;1,181863727454910;0,5
1,00000000000003e+00;TRUE;TRUE;FALSE;1;1,184368737474950;0,5
1,00000000000000e-14;TRUE;TRUE;FALSE;2;1,184368737474950;0,5
1,00000000000000e-14;TRUE;TRUE;FALSE;3;1,184368737474950;0,5
1,00000000000000e+00;TRUE;TRUE;FALSE;1;1,186873747494990;0,5
1,00000000000000e-14;TRUE;TRUE;FALSE;2;1,186873747494990;0,5
1,00000000000000e-14;TRUE;TRUE;FALSE;3;1,186873747494990;0,5
9,99999999999995e-01;TRUE;TRUE;FALSE;1;1,189378757515030;0,5
1,00000000000000e-14;TRUE;TRUE;FALSE;2;1,189378757515030;0,5
1,00000000000000e-14;TRUE;TRUE;FALSE;3;1,189378757515030;0,5
1,00000000000000e+00;TRUE;TRUE;FALSE;1;1,191883767535070;0,5
1,00000000000000e-14;TRUE;TRUE;FALSE;2;1,191883767535070;0,5
1,00000000000000e-14;TRUE;TRUE;FALSE;3;1,191883767535070;0,5
1,00000000000000e+00;TRUE;TRUE;FALSE;1;1,194388777555110;0,5
1,00000000000000e-14;TRUE;TRUE;FALSE;2;1,194388777555110;0,5
1,00000000000000e-14;TRUE;TRUE;FALSE;3;1,194388777555110;0,5
1,00000000000000e+00;TRUE;TRUE;FALSE;1;1,196893787575150;0,5
1,00000000000000e-14;TRUE;TRUE;FALSE;2;1,196893787575150;0,5
1,00000000000000e-14;TRUE;TRUE;FALSE;3;1,196893787575150;0,5
9,99999999999979e-01;TRUE;TRUE;FALSE;1;1,199398797595190;0,5
1,00000000000000e-14;TRUE;TRUE;FALSE;2;1,199398797595190;0,5
1,00000000000000e-14;TRUE;TRUE;FALSE;3;1,199398797595190;0,5
1,00000000000000e+00;TRUE;TRUE;FALSE;1;1,201903807615230;0,5
1,00000000000000e-14;TRUE;TRUE;FALSE;2;1,201903807615230;0,5
1,00000000000000e-14;TRUE;TRUE;FALSE;3;1,201903807615230;0,5
1,00000000000000e+00;TRUE;TRUE;FALSE;1;1,204408817635271;0,5
1,00000000000000e-14;TRUE;TRUE;FALSE;2;1,204408817635271;0,5
1,00000000000000e-14;TRUE;TRUE;FALSE;3;1,204408817635271;0,5
1,00000000000000e+00;TRUE;TRUE;FALSE;1;1,206913827655311;0,5
1,00000000000000e-14;TRUE;TRUE;FALSE;2;1,206913827655311;0,5
1,00000000000000e-14;TRUE;TRUE;FALSE;3;1,206913827655311;0,5
1,00000000000000e+00;TRUE;TRUE;FALSE;1;1,209418837675351;0,5
1,00000000000000e-14;TRUE;TRUE;FALSE;2;1,209418837675351;0,5
1,00000000000000e-14;TRUE;TRUE;FALSE;3;1,209418837675351;0,5
1,00000000000000e+00;TRUE;TRUE;FALSE;1;1,211923847695391;0,5
1,00000000000000e-14;TRUE;TRUE;FALSE;2;1,211923847695391;0,5
1,00000000000000e-14;TRUE;TRUE;FALSE;3;1,211923847695391;0,5
9,99999999999998e-01;TRUE;TRUE;FALSE;1;1,214428857715431;0,5
1,00000000000000e-14;TRUE;TRUE;FALSE;2;1,214428857715431;0,5
1,00000000000000e-14;TRUE;TRUE;FALSE;3;1,214428857715431;0,5
9,99999999999999e-01;TRUE;TRUE;FALSE;1;1,216933867735471;0,5
1,00000000000000e-14;TRUE;TRUE;FALSE;2;1,216933867735471;0,5
1,00000000000000e-14;TRUE;TRUE;FALSE;3;1,216933867735471;0,5
1,00000000000000e+00;TRUE;TRUE;FALSE;1;1,219438877755511;0,5
1,00000000000000e-14;TRUE;TRUE;FALSE;2;1,219438877755511;0,5
1,00000000000000e-14;TRUE;TRUE;FALSE;3;1,219438877755511;0,5
1,00000000000000e+00;TRUE;TRUE;FALSE;1;1,221943887775551;0,5
1,00000000000000e-14;TRUE;TRUE;FALSE;2;1,221943887775551;0,5
1,00000000000000e-14;TRUE;TRUE;FALSE;3;1,221943887775551;0,5
1,00000000000000e+00;TRUE;TRUE;FALSE;1;1,224448897795591;0,5
1,00000000000000e-14;TRUE;TRUE;FALSE;2;1,224448897795591;0,5
1,00000000000000e-14;TRUE;TRUE;FALSE;3;1,224448897795591;0,5
1,00000000000000e+00;TRUE;TRUE;FALSE;1;1,226953907815631;0,5
1,00000000000000e-14;TRUE;TRUE;FALSE;2;1,226953907815631;0,5
1,00000000000000e-14;TRUE;TRUE;FALSE;3;1,226953907815631;0,5
1,00000000000000e+00;TRUE;TRUE;FALSE;1;1,229458917835671;0,5
1,00000000000000e-14;TRUE;TRUE;FALSE;2;1,229458917835671;0,5
1,00000000000000e-14;TRUE;TRUE;FALSE;3;1,229458917835671;0,5
1,00000000000000e+00;TRUE;TRUE;FALSE;1;1,231963927855711;0,5
1,00000000000000e-14;TRUE;TRUE;FALSE;2;1,231963927855711;0,5
1,00000000000000e-14;TRUE;TRUE;FALSE;3;1,231963927855711;0,5
1,00000000000000e+00;TRUE;TRUE;FALSE;1;1,234468937875751;0,5
1,00000000000000e-14;TRUE;TRUE;FALSE;2;1,234468937875751;0,5
1,00000000000000e-14;TRUE;TRUE;FALSE;3;1,234468937875751;0,5
1,00000000000000e+00;TRUE;TRUE;FALSE;1;1,236973947895792;0,5
1,00000000000000e-14;TRUE;TRUE;FALSE;2;1,236973947895792;0,5
1,00000000000000e-14;TRUE;TRUE;FALSE;3;1,236973947895792;0,5
1,00000000000003e+00;TRUE;TRUE;FALSE;1;1,239478957915832;0,5
1,00000000000000e-14;TRUE;TRUE;FALSE;2;1,239478957915832;0,5
1,00000000000000e-14;TRUE;TRUE;FALSE;3;1,239478957915832;0,5
1,00000000000000e+00;TRUE;TRUE;FALSE;1;1,241983967935872;0,5
1,00000000000000e-14;TRUE;TRUE;FALSE;2;1,241983967935872;0,5
1,00000000000000e-14;TRUE;TRUE;FALSE;3;1,241983967935872;0,5
9,99999999999999e-01;TRUE;TRUE;FALSE;1;1,244488977955912;0,5
1,00000000000000e-14;TRUE;TRUE;FALSE;2;1,244488977955912;0,5
1,00000000000000e-14;TRUE;TRUE;FALSE;3;1,244488977955912;0,5
1,00000000000000e+00;TRUE;TRUE;FALSE;1;1,246993987975952;0,5
1,00000000000000e-14;TRUE;TRUE;FALSE;2;1,246993987975952;0,5
1,00000000000000e-14;TRUE;TRUE;FALSE;3;1,246993987975952;0,5
1,00000000000000e+00;TRUE;TRUE;FALSE;1;1,249498997995992;0,5
1,00000000000000e-14;TRUE;TRUE;FALSE;2;1,249498997995992;0,5
1,00000000000000e-14;TRUE;TRUE;FALSE;3;1,249498997995992;0,5
1,00000000000000e+00;TRUE;TRUE;FALSE;1;1,252004008016032;0,5
1,00000000000000e-14;TRUE;TRUE;FALSE;2;1,252004008016032;0,5
1,00000000000000e-14;TRUE;TRUE;FALSE;3;1,252004008016032;0,5
1,00000000000000e+00;TRUE;TRUE;FALSE;1;1,254509018036072;0,5
1,00000000000000e-14;TRUE;TRUE;FALSE;2;1,254509018036072;0,5
1,00000000000000e-14;TRUE;TRUE;FALSE;3;1,254509018036072;0,5
1,00000000000000e+00;TRUE;TRUE;FALSE;1;1,257014028056112;0,5
1,00000000000000e-14;TRUE;TRUE;FALSE;2;1,257014028056112;0,5
1,00000000000000e-14;TRUE;TRUE;FALSE;3;1,257014028056112;0,5
1,00000000000000e+00;TRUE;TRUE;FALSE;1;1,259519038076152;0,5
1,00000000000000e-14;TRUE;TRUE;FALSE;2;1,259519038076152;0,5
1,00000000000000e-14;TRUE;TRUE;FALSE;3;1,259519038076152;0,5
1,00000000000000e+00;TRUE;TRUE;FALSE;1;1,262024048096192;0,5
1,00000000000000e-14;TRUE;TRUE;FALSE;2;1,262024048096192;0,5
1,00000000000000e-14;TRUE;TRUE;FALSE;3;1,262024048096192;0,5
1,00000000000000e+00;TRUE;TRUE;FALSE;1;1,264529058116233;0,5
1,00000000000000e-14;TRUE;TRUE;FALSE;2;1,264529058116233;0,5
1,00000000000000e-14;TRUE;TRUE;FALSE;3;1,264529058116233;0,5
1,00000000000000e+00;TRUE;TRUE;FALSE;1;1,267034068136272;0,5
1,00000000000000e-14;TRUE;TRUE;FALSE;2;1,267034068136272;0,5
1,00000000000000e-14;TRUE;TRUE;FALSE;3;1,267034068136272;0,5
1,00000000000000e+00;TRUE;TRUE;FALSE;1;1,269539078156313;0,5
1,00000000000000e-14;TRUE;TRUE;FALSE;2;1,269539078156313;0,5
1,00000000000000e-14;TRUE;TRUE;FALSE;3;1,269539078156313;0,5
1,00000000000000e+00;TRUE;TRUE;FALSE;1;1,272044088176353;0,5
1,00000000000000e-14;TRUE;TRUE;FALSE;2;1,272044088176353;0,5
1,00000000000000e-14;TRUE;TRUE;FALSE;3;1,272044088176353;0,5
1,00000000000000e+00;TRUE;TRUE;FALSE;1;1,274549098196393;0,5
1,00000000000000e-14;TRUE;TRUE;FALSE;2;1,274549098196393;0,5
1,00000000000000e-14;TRUE;TRUE;FALSE;3;1,274549098196393;0,5
9,99999999999999e-01;TRUE;TRUE;FALSE;1;1,277054108216433;0,5
1,00000000000000e-14;TRUE;TRUE;FALSE;2;1,277054108216433;0,5
1,00000000000000e-14;TRUE;TRUE;FALSE;3;1,277054108216433;0,5
1,00000000000000e+00;TRUE;TRUE;FALSE;1;1,279559118236473;0,5
1,00000000000000e-14;TRUE;TRUE;FALSE;2;1,279559118236473;0,5
1,00000000000000e-14;TRUE;TRUE;FALSE;3;1,279559118236473;0,5
1,00000000000000e+00;TRUE;TRUE;FALSE;1;1,282064128256513;0,5
1,00000000000000e-14;TRUE;TRUE;FALSE;2;1,282064128256513;0,5
1,00000000000000e-14;TRUE;TRUE;FALSE;3;1,282064128256513;0,5
1,00000000000000e+00;TRUE;TRUE;FALSE;1;1,284569138276553;0,5
1,00000000000000e-14;TRUE;TRUE;FALSE;2;1,284569138276553;0,5
1,00000000000000e-14;TRUE;TRUE;FALSE;3;1,284569138276553;0,5
1,00000000000000e+00;TRUE;TRUE;FALSE;1;1,287074148296593;0,5
1,00000000000000e-14;TRUE;TRUE;FALSE;2;1,287074148296593;0,5
1,00000000000000e-14;TRUE;TRUE;FALSE;3;1,287074148296593;0,5
1,00000000000000e+00;TRUE;TRUE;FALSE;1;1,289579158316633;0,5
1,00000000000000e-14;TRUE;TRUE;FALSE;2;1,289579158316633;0,5
1,00000000000000e-14;TRUE;TRUE;FALSE;3;1,289579158316633;0,5
1,00000000000000e+00;TRUE;TRUE;FALSE;1;1,292084168336673;0,5
1,00000000000000e-14;TRUE;TRUE;FALSE;2;1,292084168336673;0,5
1,00000000000000e-14;TRUE;TRUE;FALSE;3;1,292084168336673;0,5
1,00000000000000e+00;TRUE;TRUE;FALSE;1;1,294589178356713;0,5
1,00000000000000e-14;TRUE;TRUE;FALSE;2;1,294589178356713;0,5
1,00000000000000e-14;TRUE;TRUE;FALSE;3;1,294589178356713;0,5
1,00000000000000e+00;TRUE;TRUE;FALSE;1;1,297094188376753;0,5
1,00000000000000e-14;TRUE;TRUE;FALSE;2;1,297094188376753;0,5
1,00000000000000e-14;TRUE;TRUE;FALSE;3;1,297094188376753;0,5
1,00000000000000e+00;TRUE;TRUE;FALSE;1;1,299599198396794;0,5
1,00000000000000e-14;TRUE;TRUE;FALSE;2;1,299599198396794;0,5
1,00000000000000e-14;TRUE;TRUE;FALSE;3;1,299599198396794;0,5
1,00000000000000e+00;TRUE;TRUE;FALSE;1;1,302104208416834;0,5
1,00000000000000e-14;TRUE;TRUE;FALSE;2;1,302104208416834;0,5
1,00000000000000e-14;TRUE;TRUE;FALSE;3;1,302104208416834;0,5
1,00000000000000e+00;TRUE;TRUE;FALSE;1;1,304609218436874;0,5
1,00000000000000e-14;TRUE;TRUE;FALSE;2;1,304609218436874;0,5
1,00000000000000e-14;TRUE;TRUE;FALSE;3;1,304609218436874;0,5
1,00000000000000e+00;TRUE;TRUE;FALSE;1;1,307114228456914;0,5
1,00000000000000e-14;TRUE;TRUE;FALSE;2;1,307114228456914;0,5
1,00000000000000e-14;TRUE;TRUE;FALSE;3;1,307114228456914;0,5
1,00000000000000e+00;TRUE;TRUE;FALSE;1;1,309619238476954;0,5
1,00000000000000e-14;TRUE;TRUE;FALSE;2;1,309619238476954;0,5
1,00000000000000e-14;TRUE;TRUE;FALSE;3;1,309619238476954;0,5
1,00000000000000e+00;TRUE;TRUE;FALSE;1;1,312124248496994;0,5
1,00000000000000e-14;TRUE;TRUE;FALSE;2;1,312124248496994;0,5
1,00000000000000e-14;TRUE;TRUE;FALSE;3;1,312124248496994;0,5
1,00000000000000e+00;TRUE;TRUE;FALSE;1;1,314629258517034;0,5
1,00000000000000e-14;TRUE;TRUE;FALSE;2;1,314629258517034;0,5
1,00000000000000e-14;TRUE;TRUE;FALSE;3;1,314629258517034;0,5
1,00000000000000e+00;TRUE;TRUE;FALSE;1;1,317134268537074;0,5
1,00000000000000e-14;TRUE;TRUE;FALSE;2;1,317134268537074;0,5
1,00000000000000e-14;TRUE;TRUE;FALSE;3;1,317134268537074;0,5
1,00000000000000e+00;TRUE;TRUE;FALSE;1;1,319639278557114;0,5
1,00000000000000e-14;TRUE;TRUE;FALSE;2;1,319639278557114;0,5
1,00000000000000e-14;TRUE;TRUE;FALSE;3;1,319639278557114;0,5
1,00000000000000e+00;TRUE;TRUE;FALSE;1;1,322144288577154;0,5
1,00000000000000e-14;TRUE;TRUE;FALSE;2;1,322144288577154;0,5
1,00000000000000e-14;TRUE;TRUE;FALSE;3;1,322144288577154;0,5
1,00000000000000e+00;TRUE;TRUE;FALSE;1;1,324649298597194;0,5
1,00000000000000e-14;TRUE;TRUE;FALSE;2;1,324649298597194;0,5
1,00000000000000e-14;TRUE;TRUE;FALSE;3;1,324649298597194;0,5
1,00000000000000e+00;TRUE;TRUE;FALSE;1;1,327154308617234;0,5
1,00000000000000e-14;TRUE;TRUE;FALSE;2;1,327154308617234;0,5
1,00000000000000e-14;TRUE;TRUE;FALSE;3;1,327154308617234;0,5
1,00000000000000e+00;TRUE;TRUE;FALSE;1;1,329659318637274;0,5
1,00000000000000e-14;TRUE;TRUE;FALSE;2;1,329659318637274;0,5
1,00000000000000e-14;TRUE;TRUE;FALSE;3;1,329659318637274;0,5
1,00000000000000e+00;TRUE;TRUE;FALSE;1;1,332164328657315;0,5
1,00000000000000e-14;TRUE;TRUE;FALSE;2;1,332164328657315;0,5
1,00000000000000e-14;TRUE;TRUE;FALSE;3;1,332164328657315;0,5
1,00000000000000e+00;TRUE;TRUE;FALSE;1;1,334669338677355;0,5
1,00000000000000e-14;TRUE;TRUE;FALSE;2;1,334669338677355;0,5
1,00000000000000e-14;TRUE;TRUE;FALSE;3;1,334669338677355;0,5
1,00000000000000e+00;TRUE;TRUE;FALSE;1;1,337174348697395;0,5
1,00000000000000e-14;TRUE;TRUE;FALSE;2;1,337174348697395;0,5
1,00000000000000e-14;TRUE;TRUE;FALSE;3;1,337174348697395;0,5
1,00000000000000e+00;TRUE;TRUE;FALSE;1;1,339679358717435;0,5
1,00000000000000e-14;TRUE;TRUE;FALSE;2;1,339679358717435;0,5
1,00000000000000e-14;TRUE;TRUE;FALSE;3;1,339679358717435;0,5
1,00000000000000e+00;TRUE;TRUE;FALSE;1;1,342184368737475;0,5
1,00000000000000e-14;TRUE;TRUE;FALSE;2;1,342184368737475;0,5
1,00000000000000e-14;TRUE;TRUE;FALSE;3;1,342184368737475;0,5
1,00000000000000e+00;TRUE;TRUE;FALSE;1;1,344689378757515;0,5
1,00000000000000e-14;TRUE;TRUE;FALSE;2;1,344689378757515;0,5
1,00000000000000e-14;TRUE;TRUE;FALSE;3;1,344689378757515;0,5
1,00000000000000e+00;TRUE;TRUE;FALSE;1;1,347194388777555;0,5
1,00000000000000e-14;TRUE;TRUE;FALSE;2;1,347194388777555;0,5
1,00000000000000e-14;TRUE;TRUE;FALSE;3;1,347194388777555;0,5
1,00000000000000e+00;TRUE;TRUE;FALSE;1;1,349699398797595;0,5
1,00000000000000e-14;TRUE;TRUE;FALSE;2;1,349699398797595;0,5
1,00000000000000e-14;TRUE;TRUE;FALSE;3;1,349699398797595;0,5
1,00000000000000e+00;TRUE;TRUE;FALSE;1;1,352204408817635;0,5
1,00000000000000e-14;TRUE;TRUE;FALSE;2;1,352204408817635;0,5
1,00000000000000e-14;TRUE;TRUE;FALSE;3;1,352204408817635;0,5
1,00000000000000e+00;TRUE;TRUE;FALSE;1;1,354709418837675;0,5
1,00000000000000e-14;TRUE;TRUE;FALSE;2;1,354709418837675;0,5
1,00000000000000e-14;TRUE;TRUE;FALSE;3;1,354709418837675;0,5
1,00000000000000e+00;TRUE;TRUE;FALSE;1;1,357214428857715;0,5
1,00000000000000e-14;TRUE;TRUE;FALSE;2;1,357214428857715;0,5
1,00000000000000e-14;TRUE;TRUE;FALSE;3;1,357214428857715;0,5
1,00000000000000e+00;TRUE;TRUE;FALSE;1;1,359719438877755;0,5
1,00000000000000e-14;TRUE;TRUE;FALSE;2;1,359719438877755;0,5
1,00000000000000e-14;TRUE;TRUE;FALSE;3;1,359719438877755;0,5
1,00000000000000e+00;TRUE;TRUE;FALSE;1;1,362224448897795;0,5
1,00000000000000e-14;TRUE;TRUE;FALSE;2;1,362224448897795;0,5
1,00000000000000e-14;TRUE;TRUE;FALSE;3;1,362224448897795;0,5
1,00000000000000e+00;TRUE;TRUE;FALSE;1;1,364729458917836;0,5
1,00000000000000e-14;TRUE;TRUE;FALSE;2;1,364729458917836;0,5
1,00000000000000e-14;TRUE;TRUE;FALSE;3;1,364729458917836;0,5
1,00000000000000e+00;TRUE;TRUE;FALSE;1;1,367234468937876;0,5
1,00000000000000e-14;TRUE;TRUE;FALSE;2;1,367234468937876;0,5
1,00000000000000e-14;TRUE;TRUE;FALSE;3;1,367234468937876;0,5
1,00000000000000e+00;TRUE;TRUE;FALSE;1;1,369739478957916;0,5
1,00000000000000e-14;TRUE;TRUE;FALSE;2;1,369739478957916;0,5
1,00000000000000e-14;TRUE;TRUE;FALSE;3;1,369739478957916;0,5
1,00000000000000e+00;TRUE;TRUE;FALSE;1;1,372244488977956;0,5
1,00000000000000e-14;TRUE;TRUE;FALSE;2;1,372244488977956;0,5
1,00000000000000e-14;TRUE;TRUE;FALSE;3;1,372244488977956;0,5
1,00000000000000e+00;TRUE;TRUE;FALSE;1;1,374749498997996;0,5
1,00000000000000e-14;TRUE;TRUE;FALSE;2;1,374749498997996;0,5
1,00000000000000e-14;TRUE;TRUE;FALSE;3;1,374749498997996;0,5
1,00000000000000e+00;TRUE;TRUE;FALSE;1;1,377254509018036;0,5
1,00000000000000e-14;TRUE;TRUE;FALSE;2;1,377254509018036;0,5
1,00000000000000e-14;TRUE;TRUE;FALSE;3;1,377254509018036;0,5
1,00000000000000e+00;TRUE;TRUE;FALSE;1;1,379759519038076;0,5
1,00000000000000e-14;TRUE;TRUE;FALSE;2;1,379759519038076;0,5
1,00000000000000e-14;TRUE;TRUE;FALSE;3;1,379759519038076;0,5
1,00000000000000e+00;TRUE;TRUE;FALSE;1;1,382264529058116;0,5
1,00000000000000e-14;TRUE;TRUE;FALSE;2;1,382264529058116;0,5
1,00000000000000e-14;TRUE;TRUE;FALSE;3;1,382264529058116;0,5
1,00000000000000e+00;TRUE;TRUE;FALSE;1;1,384769539078156;0,5
1,00000000000000e-14;TRUE;TRUE;FALSE;2;1,384769539078156;0,5
1,00000000000000e-14;TRUE;TRUE;FALSE;3;1,384769539078156;0,5
1,00000000000000e+00;TRUE;TRUE;FALSE;1;1,387274549098196;0,5
1,00000000000000e-14;TRUE;TRUE;FALSE;2;1,387274549098196;0,5
1,00000000000000e-14;TRUE;TRUE;FALSE;3;1,387274549098196;0,5
1,00000000000000e+00;TRUE;TRUE;FALSE;1;1,389779559118236;0,5
1,00000000000000e-14;TRUE;TRUE;FALSE;2;1,389779559118236;0,5
1,00000000000000e-14;TRUE;TRUE;FALSE;3;1,389779559118236;0,5
1,00000000000000e+00;TRUE;TRUE;FALSE;1;1,392284569138277;0,5
1,00000000000000e-14;TRUE;TRUE;FALSE;2;1,392284569138277;0,5
1,00000000000000e-14;TRUE;TRUE;FALSE;3;1,392284569138277;0,5
1,00000000000000e+00;TRUE;TRUE;FALSE;1;1,394789579158317;0,5
1,00000000000000e-14;TRUE;TRUE;FALSE;2;1,394789579158317;0,5
1,00000000000000e-14;TRUE;TRUE;FALSE;3;1,394789579158317;0,5
1,00000000000000e+00;TRUE;TRUE;FALSE;1;1,397294589178357;0,5
1,00000000000000e-14;TRUE;TRUE;FALSE;2;1,397294589178357;0,5
1,00000000000000e-14;TRUE;TRUE;FALSE;3;1,397294589178357;0,5
1,00000000000000e+00;TRUE;TRUE;FALSE;1;1,399799599198397;0,5
1,00000000000000e-14;TRUE;TRUE;FALSE;2;1,399799599198397;0,5
1,00000000000000e-14;TRUE;TRUE;FALSE;3;1,399799599198397;0,5
1,00000000000000e+00;TRUE;TRUE;FALSE;1;1,402304609218437;0,5
1,00000000000000e-14;TRUE;TRUE;FALSE;2;1,402304609218437;0,5
1,00000000000000e-14;TRUE;TRUE;FALSE;3;1,402304609218437;0,5
1,00000000000000e+00;TRUE;TRUE;FALSE;1;1,404809619238477;0,5
1,00000000000000e-14;TRUE;TRUE;FALSE;2;1,404809619238477;0,5
1,00000000000000e-14;TRUE;TRUE;FALSE;3;1,404809619238477;0,5
1,00000000000000e+00;TRUE;TRUE;FALSE;1;1,407314629258517;0,5
1,00000000000000e-14;TRUE;TRUE;FALSE;2;1,407314629258517;0,5
1,00000000000000e-14;TRUE;TRUE;FALSE;3;1,407314629258517;0,5
1,00000000000000e+00;TRUE;TRUE;FALSE;1;1,409819639278557;0,5
1,00000000000000e-14;TRUE;TRUE;FALSE;2;1,409819639278557;0,5
1,00000000000000e-14;TRUE;TRUE;FALSE;3;1,409819639278557;0,5
1,00000000000000e+00;TRUE;TRUE;FALSE;1;1,412324649298597;0,5
1,00000000000000e-14;TRUE;TRUE;FALSE;2;1,412324649298597;0,5
1,00000000000000e-14;TRUE;TRUE;FALSE;3;1,412324649298597;0,5
1,00000000000000e+00;TRUE;TRUE;FALSE;1;1,414829659318637;0,5
1,00000000000000e-14;TRUE;TRUE;FALSE;2;1,414829659318637;0,5
1,00000000000000e-14;TRUE;TRUE;FALSE;3;1,414829659318637;0,5
1,00000000000000e+00;TRUE;TRUE;FALSE;1;1,417334669338677;0,5
1,00000000000000e-14;TRUE;TRUE;FALSE;2;1,417334669338677;0,5
1,00000000000000e-14;TRUE;TRUE;FALSE;3;1,417334669338677;0,5
1,00000000000000e+00;TRUE;TRUE;FALSE;1;1,419839679358717;0,5
1,00000000000000e-14;TRUE;TRUE;FALSE;2;1,419839679358717;0,5
1,00000000000000e-14;TRUE;TRUE;FALSE;3;1,419839679358717;0,5
1,00000000000000e+00;TRUE;TRUE;FALSE;1;1,422344689378757;0,5
1,00000000000000e-14;TRUE;TRUE;FALSE;2;1,422344689378757;0,5
1,00000000000000e-14;TRUE;TRUE;FALSE;3;1,422344689378757;0,5
1,00000000000000e+00;TRUE;TRUE;FALSE;1;1,424849699398798;0,5
1,00000000000000e-14;TRUE;TRUE;FALSE;2;1,424849699398798;0,5
1,00000000000000e-14;TRUE;TRUE;FALSE;3;1,424849699398798;0,5
1,00000000000000e+00;TRUE;TRUE;FALSE;1;1,427354709418838;0,5
1,00000000000000e-14;TRUE;TRUE;FALSE;2;1,427354709418838;0,5
1,00000000000000e-14;TRUE;TRUE;FALSE;3;1,427354709418838;0,5
1,00000000000000e+00;TRUE;TRUE;FALSE;1;1,429859719438878;0,5
1,00000000000000e-14;TRUE;TRUE;FALSE;2;1,429859719438878;0,5
1,00000000000000e-14;TRUE;TRUE;FALSE;3;1,429859719438878;0,5
1,00000000000000e+00;TRUE;TRUE;FALSE;1;1,432364729458918;0,5
1,00000000000000e-14;TRUE;TRUE;FALSE;2;1,432364729458918;0,5
1,00000000000000e-14;TRUE;TRUE;FALSE;3;1,432364729458918;0,5
1,00000000000000e+00;TRUE;TRUE;FALSE;1;1,434869739478958;0,5
1,00000000000000e-14;TRUE;TRUE;FALSE;2;1,434869739478958;0,5
1,00000000000000e-14;TRUE;TRUE;FALSE;3;1,434869739478958;0,5
1,00000000000000e+00;TRUE;TRUE;FALSE;1;1,437374749498998;0,5
1,00000000000000e-14;TRUE;TRUE;FALSE;2;1,437374749498998;0,5
1,00000000000000e-14;TRUE;TRUE;FALSE;3;1,437374749498998;0,5
1,00000000000000e+00;TRUE;TRUE;FALSE;1;1,439879759519038;0,5
1,00000000000000e-14;TRUE;TRUE;FALSE;2;1,439879759519038;0,5
1,00000000000000e-14;TRUE;TRUE;FALSE;3;1,439879759519038;0,5
1,00000000000000e+00;TRUE;TRUE;FALSE;1;1,442384769539078;0,5
1,00000000000000e-14;TRUE;TRUE;FALSE;2;1,442384769539078;0,5
1,00000000000000e-14;TRUE;TRUE;FALSE;3;1,442384769539078;0,5
1,00000000000000e+00;TRUE;TRUE;FALSE;1;1,444889779559118;0,5
1,00000000000000e-14;TRUE;TRUE;FALSE;2;1,444889779559118;0,5
1,00000000000000e-14;TRUE;TRUE;FALSE;3;1,444889779559118;0,5
1,00000000000000e+00;TRUE;TRUE;FALSE;1;1,447394789579158;0,5
1,00000000000000e-14;TRUE;TRUE;FALSE;2;1,447394789579158;0,5
1,00000000000000e-14;TRUE;TRUE;FALSE;3;1,447394789579158;0,5
1,00000000000000e+00;TRUE;TRUE;FALSE;1;1,449899799599198;0,5
1,00000000000000e-14;TRUE;TRUE;FALSE;2;1,449899799599198;0,5
1,00000000000000e-14;TRUE;TRUE;FALSE;3;1,449899799599198;0,5
1,00000000000000e+00;TRUE;TRUE;FALSE;1;1,452404809619238;0,5
1,00000000000000e-14;TRUE;TRUE;FALSE;2;1,452404809619238;0,5
1,00000000000000e-14;TRUE;TRUE;FALSE;3;1,452404809619238;0,5
1,00000000000000e+00;TRUE;TRUE;FALSE;1;1,454909819639278;0,5
1,00000000000000e-14;TRUE;TRUE;FALSE;2;1,454909819639278;0,5
1,00000000000000e-14;TRUE;TRUE;FALSE;3;1,454909819639278;0,5
1,00000000000000e+00;TRUE;TRUE;FALSE;1;1,457414829659319;0,5
1,00000000000000e-14;TRUE;TRUE;FALSE;2;1,457414829659319;0,5
1,00000000000000e-14;TRUE;TRUE;FALSE;3;1,457414829659319;0,5
1,00000000000000e+00;TRUE;TRUE;FALSE;1;1,459919839679359;0,5
1,00000000000000e-14;TRUE;TRUE;FALSE;2;1,459919839679359;0,5
1,00000000000000e-14;TRUE;TRUE;FALSE;3;1,459919839679359;0,5
1,00000000000000e+00;TRUE;TRUE;FALSE;1;1,462424849699399;0,5
1,00000000000000e-14;TRUE;TRUE;FALSE;2;1,462424849699399;0,5
1,00000000000000e-14;TRUE;TRUE;FALSE;3;1,462424849699399;0,5
1,00000000000000e+00;TRUE;TRUE;FALSE;1;1,464929859719439;0,5
1,00000000000000e-14;TRUE;TRUE;FALSE;2;1,464929859719439;0,5
1,00000000000000e-14;TRUE;TRUE;FALSE;3;1,464929859719439;0,5
1,00000000000000e+00;TRUE;TRUE;FALSE;1;1,467434869739479;0,5
1,00000000000000e-14;TRUE;TRUE;FALSE;2;1,467434869739479;0,5
1,00000000000000e-14;TRUE;TRUE;FALSE;3;1,467434869739479;0,5
1,00000000000000e+00;TRUE;TRUE;FALSE;1;1,469939879759519;0,5
1,00000000000000e-14;TRUE;TRUE;FALSE;2;1,469939879759519;0,5
1,00000000000000e-14;TRUE;TRUE;FALSE;3;1,469939879759519;0,5
1,00000000000000e+00;TRUE;TRUE;FALSE;1;1,472444889779559;0,5
1,00000000000000e-14;TRUE;TRUE;FALSE;2;1,472444889779559;0,5
1,00000000000000e-14;TRUE;TRUE;FALSE;3;1,472444889779559;0,5
1,00000000000000e+00;TRUE;TRUE;FALSE;1;1,474949899799599;0,5
1,00000000000000e-14;TRUE;TRUE;FALSE;2;1,474949899799599;0,5
1,00000000000000e-14;TRUE;TRUE;FALSE;3;1,474949899799599;0,5
1,00000000000000e+00;TRUE;TRUE;FALSE;1;1,477454909819639;0,5
1,00000000000000e-14;TRUE;TRUE;FALSE;2;1,477454909819639;0,5
1,00000000000000e-14;TRUE;TRUE;FALSE;3;1,477454909819639;0,5
1,00000000000000e+00;TRUE;TRUE;FALSE;1;1,479959919839679;0,5
1,00000000000000e-14;TRUE;TRUE;FALSE;2;1,479959919839679;0,5
1,00000000000000e-14;TRUE;TRUE;FALSE;3;1,479959919839679;0,5
1,00000000000000e+00;TRUE;TRUE;FALSE;1;1,482464929859719;0,5
1,00000000000000e-14;TRUE;TRUE;FALSE;2;1,482464929859719;0,5
1,00000000000000e-14;TRUE;TRUE;FALSE;3;1,482464929859719;0,5
1,00000000000000e+00;TRUE;TRUE;FALSE;1;1,484969939879760;0,5
1,00000000000000e-14;TRUE;TRUE;FALSE;2;1,484969939879760;0,5
1,00000000000000e-14;TRUE;TRUE;FALSE;3;1,484969939879760;0,5
1,00000000000000e+00;TRUE;TRUE;FALSE;1;1,487474949899799;0,5
1,00000000000000e-14;TRUE;TRUE;FALSE;2;1,487474949899799;0,5
1,00000000000000e-14;TRUE;TRUE;FALSE;3;1,487474949899799;0,5
1,00000000000000e+00;TRUE;TRUE;FALSE;1;1,489979959919840;0,5
1,00000000000000e-14;TRUE;TRUE;FALSE;2;1,489979959919840;0,5
1,00000000000000e-14;TRUE;TRUE;FALSE;3;1,489979959919840;0,5
1,00000000000000e+00;TRUE;TRUE;FALSE;1;1,492484969939880;0,5
1,00000000000000e-14;TRUE;TRUE;FALSE;2;1,492484969939880;0,5
1,00000000000000e-14;TRUE;TRUE;FALSE;3;1,492484969939880;0,5
1,00000000000000e+00;TRUE;TRUE;FALSE;1;1,494989979959920;0,5
1,00000000000000e-14;TRUE;TRUE;FALSE;2;1,494989979959920;0,5
1,00000000000000e-14;TRUE;TRUE;FALSE;3;1,494989979959920;0,5
1,00000000000000e+00;TRUE;TRUE;FALSE;1;1,497494989979960;0,5
1,00000000000000e-14;TRUE;TRUE;FALSE;2;1,497494989979960;0,5
1,00000000000000e-14;TRUE;TRUE;FALSE;3;1,497494989979960;0,5
1,00000000000000e+00;TRUE;TRUE;FALSE;1;1,500000000000000;0,5
1,00000000000000e-14;TRUE;TRUE;FALSE;2;1,500000000000000;0,5
1,00000000000000e-14;TRUE;TRUE;FALSE;3;1,500000000000000;0,5
